date_sk,machine_sk,failure_mode,minutes_down
1,1,Setup,25
1,1,Breakdown,25
1,3,Setup,51
1,4,Breakdown,22
1,4,Material,72
1,6,Plannedmaintenance,42
1,6,Quality,14
1,7,Breakdown,12
1,7,Material,89
1,8,Plannedmaintenance,25
1,8,Plannedmaintenance,20
1,9,Quality,78
1,10,Breakdown,59
1,10,Breakdown,41
1,13,Breakdown,30
1,13,Setup,73
1,15,Quality,17
1,15,Quality,22
2,1,Breakdown,53
2,2,Breakdown,53
2,2,Quality,57
2,3,Setup,39
2,3,Material,55
2,4,Setup,69
2,5,Setup,88
2,5,Setup,88
2,6,Material,57
2,6,Breakdown,21
2,8,Quality,28
2,8,Material,60
2,9,Plannedmaintenance,81
2,9,Breakdown,65
2,12,Material,88
2,12,Plannedmaintenance,39
2,13,Quality,55
2,13,Material,74
2,14,Setup,68
2,15,Breakdown,78
2,15,Material,42
3,2,Plannedmaintenance,42
3,6,Breakdown,69
3,6,Breakdown,50
3,7,Material,40
3,8,Breakdown,67
3,8,Setup,75
3,9,Setup,22
3,10,Plannedmaintenance,39
3,11,Quality,22
3,11,Breakdown,72
3,14,Material,87
3,14,Plannedmaintenance,71
3,15,Setup,66
3,15,Breakdown,21
4,1,Plannedmaintenance,75
4,1,Breakdown,43
4,3,Breakdown,49
4,4,Breakdown,72
4,5,Breakdown,18
4,8,Plannedmaintenance,49
4,10,Plannedmaintenance,25
4,10,Breakdown,73
4,11,Quality,12
4,11,Material,22
4,12,Breakdown,86
4,12,Setup,74
4,13,Quality,84
4,15,Material,56
4,15,Breakdown,70
5,1,Breakdown,51
5,1,Breakdown,10
5,3,Setup,21
5,4,Setup,67
5,5,Breakdown,63
5,5,Material,45
5,7,Breakdown,19
5,9,Material,82
5,9,Breakdown,47
5,10,Setup,79
5,10,Setup,46
5,11,Breakdown,80
5,11,Breakdown,37
5,12,Quality,82
5,14,Setup,37
5,15,Quality,79
6,1,Breakdown,18
6,2,Material,13
6,2,Material,80
6,3,Setup,62
6,4,Breakdown,84
6,5,Setup,58
6,5,Breakdown,88
6,6,Breakdown,59
6,6,Material,45
6,7,Material,40
6,9,Breakdown,34
6,9,Breakdown,60
6,11,Breakdown,36
6,12,Breakdown,73
6,12,Breakdown,19
7,1,Setup,35
7,1,Setup,33
7,3,Setup,37
7,3,Material,11
7,4,Quality,17
7,5,Material,27
7,5,Material,76
7,6,Breakdown,85
7,7,Material,57
7,10,Plannedmaintenance,88
7,10,Material,15
7,11,Breakdown,41
7,12,Breakdown,87
7,12,Breakdown,15
7,13,Setup,48
7,13,Plannedmaintenance,28
7,14,Quality,81
7,15,Quality,28
7,15,Setup,13
8,2,Material,40
8,2,Breakdown,78
8,3,Plannedmaintenance,22
8,3,Quality,33
8,5,Setup,28
8,5,Quality,27
8,6,Material,15
8,6,Material,80
8,8,Material,82
8,8,Quality,33
8,9,Breakdown,16
8,9,Breakdown,88
8,12,Material,60
8,12,Breakdown,32
8,13,Breakdown,20
8,14,Plannedmaintenance,57
8,14,Quality,45
8,15,Plannedmaintenance,88
9,1,Material,87
9,1,Breakdown,37
9,4,Material,48
9,5,Breakdown,55
9,5,Setup,50
9,7,Material,87
9,8,Quality,45
9,8,Quality,71
9,9,Material,88
9,9,Quality,17
9,11,Breakdown,76
9,12,Material,57
9,14,Breakdown,82
10,1,Breakdown,29
10,2,Setup,80
10,2,Breakdown,10
10,3,Breakdown,55
10,5,Plannedmaintenance,42
10,5,Breakdown,11
10,6,Breakdown,47
10,7,Breakdown,15
10,7,Setup,76
10,9,Breakdown,20
10,10,Quality,77
10,11,Breakdown,49
10,12,Breakdown,58
10,12,Breakdown,46
11,1,Material,77
11,1,Material,27
11,2,Plannedmaintenance,68
11,3,Breakdown,87
11,3,Material,29
11,4,Breakdown,24
11,4,Breakdown,89
11,5,Breakdown,68
11,5,Breakdown,15
11,6,Breakdown,20
11,6,Plannedmaintenance,88
11,7,Setup,14
11,8,Setup,77
11,10,Material,34
11,10,Breakdown,32
11,11,Material,75
11,11,Material,88
11,13,Setup,30
11,13,Quality,86
11,15,Quality,16
11,15,Quality,58
12,3,Breakdown,70
12,3,Quality,88
12,5,Breakdown,77
12,7,Breakdown,34
12,13,Quality,72
12,14,Breakdown,60
12,14,Setup,76
13,2,Setup,35
13,2,Quality,44
13,3,Material,46
13,3,Quality,83
13,4,Breakdown,76
13,4,Setup,43
13,5,Quality,18
13,5,Quality,79
13,6,Breakdown,47
13,6,Setup,42
13,7,Setup,76
13,10,Breakdown,88
13,11,Material,40
13,12,Breakdown,64
13,12,Breakdown,25
13,13,Setup,48
13,14,Setup,88
13,14,Setup,65
13,15,Quality,27
13,15,Breakdown,11
14,1,Breakdown,50
14,1,Breakdown,66
14,3,Breakdown,39
14,3,Material,71
14,4,Quality,16
14,9,Setup,45
14,9,Setup,69
14,10,Breakdown,23
14,11,Setup,88
14,11,Quality,38
14,12,Setup,40
14,12,Setup,36
14,13,Breakdown,42
14,13,Quality,12
14,14,Plannedmaintenance,83
14,14,Breakdown,57
14,15,Breakdown,75
15,2,Quality,75
15,3,Breakdown,70
15,4,Breakdown,33
15,6,Plannedmaintenance,60
15,7,Setup,25
15,10,Setup,18
15,12,Quality,43
15,14,Breakdown,78
16,1,Setup,31
16,3,Breakdown,51
16,4,Quality,30
16,5,Setup,44
16,7,Breakdown,45
16,8,Material,80
16,8,Material,83
16,11,Setup,89
16,12,Material,47
16,14,Setup,23
16,14,Breakdown,25
17,1,Quality,46
17,1,Setup,61
17,2,Plannedmaintenance,78
17,5,Plannedmaintenance,49
17,5,Quality,63
17,9,Material,42
17,10,Material,84
17,10,Breakdown,68
17,11,Breakdown,24
17,11,Material,44
17,12,Setup,36
17,12,Plannedmaintenance,16
17,13,Breakdown,70
17,13,Quality,74
18,1,Plannedmaintenance,27
18,1,Breakdown,16
18,2,Breakdown,62
18,3,Setup,15
18,3,Material,76
18,4,Breakdown,54
18,5,Setup,89
18,5,Setup,37
18,6,Setup,78
18,7,Quality,40
18,7,Plannedmaintenance,71
18,8,Breakdown,11
18,8,Breakdown,34
18,9,Material,74
18,9,Setup,11
18,10,Breakdown,12
18,10,Setup,61
18,11,Breakdown,25
18,11,Quality,43
18,13,Setup,35
18,13,Plannedmaintenance,63
18,14,Breakdown,88
18,14,Quality,39
18,15,Setup,77
18,15,Breakdown,35
19,1,Breakdown,11
19,1,Breakdown,51
19,2,Material,23
19,3,Quality,50
19,3,Breakdown,33
19,4,Breakdown,16
19,4,Breakdown,44
19,5,Breakdown,42
19,5,Plannedmaintenance,53
19,6,Plannedmaintenance,76
19,6,Plannedmaintenance,69
19,7,Plannedmaintenance,78
19,8,Breakdown,41
19,10,Setup,59
19,10,Breakdown,85
19,12,Quality,10
19,14,Quality,19
19,15,Breakdown,16
19,15,Breakdown,19
20,1,Setup,36
20,1,Setup,33
20,3,Setup,28
20,3,Breakdown,61
20,4,Breakdown,20
20,5,Material,62
20,7,Breakdown,13
20,7,Breakdown,83
20,9,Setup,33
20,9,Breakdown,56
20,10,Breakdown,45
20,10,Setup,88
20,12,Quality,79
20,12,Plannedmaintenance,37
20,14,Quality,37
21,2,Quality,84
21,4,Quality,38
21,4,Material,79
21,5,Material,35
21,6,Breakdown,58
21,6,Breakdown,56
21,7,Setup,74
21,7,Breakdown,55
21,8,Setup,63
21,11,Setup,76
21,11,Breakdown,59
21,12,Breakdown,14
21,12,Breakdown,82
21,13,Material,50
21,14,Plannedmaintenance,69
21,14,Setup,65
22,1,Setup,53
22,2,Breakdown,13
22,3,Plannedmaintenance,73
22,4,Breakdown,34
22,4,Setup,30
22,5,Setup,75
22,5,Breakdown,62
22,6,Breakdown,66
22,6,Breakdown,42
22,7,Breakdown,25
22,7,Setup,26
22,10,Quality,55
22,12,Breakdown,26
22,12,Setup,74
22,14,Setup,27
22,15,Plannedmaintenance,16
23,1,Breakdown,87
23,4,Breakdown,55
23,5,Breakdown,58
23,6,Setup,32
23,6,Setup,29
23,7,Breakdown,22
23,7,Setup,34
23,8,Setup,88
23,8,Breakdown,22
23,10,Setup,49
23,11,Setup,48
23,14,Plannedmaintenance,62
23,15,Breakdown,69
23,15,Breakdown,85
24,1,Quality,10
24,2,Setup,10
24,3,Setup,70
24,3,Quality,34
24,4,Breakdown,78
24,6,Breakdown,36
24,7,Breakdown,14
24,8,Material,75
24,8,Setup,84
24,12,Material,27
24,15,Quality,54
24,15,Setup,60
25,2,Setup,54
25,4,Breakdown,41
25,4,Setup,23
25,5,Setup,59
25,8,Setup,81
25,8,Breakdown,49
25,10,Quality,13
25,11,Breakdown,35
25,12,Breakdown,37
25,14,Material,74
26,1,Breakdown,47
26,1,Material,29
26,2,Quality,14
26,3,Quality,43
26,5,Plannedmaintenance,27
26,5,Setup,20
26,6,Setup,48
26,7,Quality,84
26,7,Setup,58
26,8,Quality,70
26,8,Quality,64
26,9,Breakdown,26
26,9,Setup,52
26,10,Plannedmaintenance,66
26,11,Breakdown,75
26,11,Breakdown,13
26,13,Setup,15
26,15,Setup,11
26,15,Material,30
27,1,Quality,84
27,3,Plannedmaintenance,13
27,4,Breakdown,51
27,5,Plannedmaintenance,83
27,6,Material,60
27,7,Quality,47
27,7,Breakdown,12
27,8,Plannedmaintenance,33
27,8,Plannedmaintenance,23
27,9,Setup,13
27,9,Breakdown,30
27,10,Breakdown,26
27,11,Setup,59
27,11,Plannedmaintenance,37
27,12,Breakdown,13
27,13,Breakdown,64
27,15,Breakdown,60
28,1,Breakdown,60
28,2,Material,77
28,2,Quality,45
28,3,Breakdown,12
28,3,Setup,75
28,4,Breakdown,88
28,5,Breakdown,13
28,5,Breakdown,42
28,6,Breakdown,52
28,7,Material,80
28,7,Breakdown,82
28,9,Breakdown,80
28,9,Plannedmaintenance,70
28,11,Setup,63
28,12,Breakdown,24
28,14,Material,51
28,14,Setup,22
28,15,Breakdown,49
28,15,Material,14
29,1,Setup,41
29,1,Quality,49
29,4,Plannedmaintenance,80
29,5,Setup,73
29,6,Material,81
29,7,Plannedmaintenance,29
29,10,Plannedmaintenance,33
29,10,Breakdown,26
29,11,Quality,25
29,13,Plannedmaintenance,78
29,13,Material,64
30,1,Quality,32
30,2,Breakdown,42
30,3,Breakdown,30
30,6,Material,44
30,7,Material,34
30,7,Material,61
30,9,Quality,33
30,9,Quality,44
30,10,Breakdown,62
30,11,Breakdown,18
30,13,Breakdown,80
30,15,Breakdown,37
31,1,Material,63
31,1,Breakdown,58
31,3,Breakdown,84
31,3,Plannedmaintenance,61
31,4,Setup,83
31,5,Breakdown,60
31,5,Breakdown,21
31,8,Plannedmaintenance,24
31,8,Breakdown,72
31,11,Breakdown,60
31,11,Setup,33
31,13,Setup,58
31,14,Material,89
31,14,Material,20
31,15,Setup,49
31,15,Quality,24
32,1,Quality,33
32,2,Quality,60
32,2,Plannedmaintenance,79
32,4,Breakdown,89
32,5,Breakdown,39
32,5,Breakdown,33
32,6,Breakdown,39
32,7,Quality,89
32,7,Breakdown,83
32,8,Setup,63
32,10,Material,83
32,10,Breakdown,59
32,11,Setup,57
32,12,Setup,19
32,14,Quality,80
32,15,Quality,18
32,15,Breakdown,27
33,1,Setup,29
33,2,Quality,31
33,2,Breakdown,59
33,5,Breakdown,10
33,5,Breakdown,64
33,6,Setup,40
33,6,Breakdown,56
33,7,Setup,37
33,7,Setup,87
33,8,Material,44
33,8,Breakdown,12
33,10,Setup,42
33,15,Quality,24
33,15,Breakdown,86
34,1,Breakdown,69
34,1,Breakdown,43
34,2,Setup,28
34,2,Breakdown,38
34,3,Breakdown,39
34,3,Breakdown,54
34,4,Setup,45
34,5,Breakdown,26
34,5,Breakdown,68
34,6,Breakdown,85
34,6,Breakdown,62
34,7,Breakdown,17
34,7,Quality,86
34,8,Setup,70
34,8,Setup,48
34,9,Breakdown,62
34,12,Material,29
34,15,Breakdown,45
34,15,Breakdown,58
35,1,Breakdown,68
35,2,Setup,86
35,2,Breakdown,71
35,3,Breakdown,28
35,3,Setup,16
35,4,Quality,89
35,4,Quality,24
35,5,Breakdown,23
35,5,Breakdown,19
35,6,Breakdown,66
35,7,Quality,25
35,7,Breakdown,81
35,8,Setup,75
35,9,Setup,85
35,9,Setup,52
35,10,Breakdown,72
35,10,Plannedmaintenance,24
35,11,Material,43
35,11,Material,53
35,14,Quality,70
35,15,Setup,12
35,15,Setup,69
36,4,Setup,77
36,4,Breakdown,55
36,5,Quality,68
36,5,Quality,52
36,6,Breakdown,13
36,6,Setup,79
36,7,Material,84
36,8,Material,34
36,8,Quality,56
36,9,Breakdown,19
36,10,Breakdown,43
36,10,Quality,73
36,12,Setup,69
36,13,Breakdown,25
36,13,Setup,38
36,15,Breakdown,63
37,2,Setup,29
37,2,Breakdown,24
37,4,Quality,16
37,6,Quality,68
37,7,Plannedmaintenance,66
37,8,Plannedmaintenance,79
37,8,Setup,79
37,9,Material,57
37,9,Breakdown,73
37,10,Plannedmaintenance,65
37,10,Setup,33
37,14,Quality,31
37,15,Plannedmaintenance,75
38,3,Material,31
38,3,Breakdown,66
38,4,Quality,34
38,4,Setup,84
38,5,Material,53
38,6,Setup,35
38,7,Plannedmaintenance,80
38,8,Breakdown,45
38,8,Breakdown,49
38,9,Material,30
38,9,Breakdown,44
38,11,Breakdown,61
38,11,Material,52
38,12,Breakdown,20
38,12,Setup,17
38,14,Breakdown,87
38,14,Setup,80
38,15,Material,64
38,15,Setup,25
39,1,Material,84
39,1,Quality,55
39,3,Setup,40
39,3,Material,34
39,4,Breakdown,39
39,4,Plannedmaintenance,56
39,6,Breakdown,21
39,6,Material,39
39,11,Setup,31
39,12,Plannedmaintenance,24
39,12,Material,52
39,14,Breakdown,51
39,14,Setup,33
40,1,Setup,77
40,1,Setup,11
40,2,Material,38
40,2,Breakdown,47
40,3,Quality,16
40,5,Setup,79
40,5,Breakdown,14
40,6,Material,66
40,6,Setup,35
40,7,Quality,45
40,7,Breakdown,27
40,8,Breakdown,26
40,9,Setup,32
40,10,Breakdown,39
40,10,Setup,75
40,12,Quality,33
40,12,Breakdown,50
40,14,Breakdown,34
40,14,Material,79
40,15,Breakdown,76
41,1,Setup,85
41,2,Breakdown,48
41,2,Setup,35
41,4,Setup,58
41,6,Setup,34
41,6,Setup,89
41,7,Material,77
41,7,Breakdown,40
41,8,Breakdown,45
41,9,Setup,56
41,9,Breakdown,68
41,10,Breakdown,81
41,11,Breakdown,53
41,11,Setup,16
41,12,Plannedmaintenance,50
41,13,Breakdown,80
41,13,Setup,78
41,14,Breakdown,67
41,14,Breakdown,30
41,15,Breakdown,86
42,1,Breakdown,79
42,1,Quality,17
42,3,Quality,84
42,3,Breakdown,35
42,4,Plannedmaintenance,48
42,5,Breakdown,51
42,5,Breakdown,56
42,6,Plannedmaintenance,80
42,7,Setup,28
42,8,Plannedmaintenance,17
42,8,Material,55
42,9,Setup,12
42,9,Plannedmaintenance,81
42,10,Material,10
42,11,Breakdown,34
42,11,Breakdown,70
42,12,Plannedmaintenance,37
42,13,Setup,33
42,14,Plannedmaintenance,60
43,1,Quality,25
43,2,Setup,40
43,3,Breakdown,65
43,3,Setup,13
43,4,Material,56
43,4,Setup,52
43,5,Breakdown,70
43,7,Quality,79
43,7,Setup,32
43,9,Breakdown,74
43,10,Breakdown,21
43,10,Quality,50
43,12,Plannedmaintenance,68
43,13,Breakdown,59
43,13,Material,38
43,14,Breakdown,26
43,15,Breakdown,87
43,15,Breakdown,83
44,1,Plannedmaintenance,64
44,2,Material,80
44,2,Quality,40
44,3,Quality,70
44,3,Breakdown,37
44,5,Setup,89
44,6,Quality,67
44,6,Setup,28
44,7,Setup,57
44,7,Material,68
44,8,Breakdown,75
44,9,Breakdown,45
44,10,Setup,86
44,11,Setup,71
44,12,Breakdown,88
44,12,Setup,69
44,13,Breakdown,27
45,1,Material,69
45,3,Breakdown,80
45,4,Plannedmaintenance,14
45,5,Material,81
45,5,Material,89
45,6,Breakdown,33
45,6,Material,20
45,7,Breakdown,45
45,8,Breakdown,57
45,8,Material,28
45,9,Setup,66
45,9,Setup,71
45,10,Breakdown,56
45,10,Plannedmaintenance,13
45,11,Quality,69
45,11,Quality,32
45,14,Setup,64
45,15,Breakdown,74
45,15,Setup,71
46,2,Material,16
46,2,Plannedmaintenance,12
46,3,Quality,29
46,3,Material,85
46,5,Breakdown,61
46,5,Material,49
46,6,Breakdown,42
46,7,Setup,39
46,8,Setup,49
46,9,Material,16
46,9,Material,58
46,11,Material,54
46,11,Quality,10
46,12,Breakdown,28
46,12,Plannedmaintenance,77
46,13,Material,13
46,13,Setup,52
46,15,Setup,36
47,4,Material,17
47,4,Quality,34
47,9,Setup,70
47,9,Quality,28
47,10,Breakdown,57
47,11,Quality,72
47,12,Breakdown,77
47,13,Breakdown,12
47,13,Breakdown,38
47,14,Quality,63
47,15,Setup,48
47,15,Plannedmaintenance,70
48,2,Plannedmaintenance,49
48,3,Quality,61
48,4,Breakdown,52
48,4,Breakdown,86
48,5,Breakdown,56
48,7,Breakdown,51
48,8,Breakdown,79
48,8,Breakdown,74
48,10,Setup,38
48,10,Breakdown,38
48,11,Breakdown,40
48,13,Material,51
48,14,Breakdown,22
48,15,Breakdown,37
48,15,Quality,56
49,1,Breakdown,69
49,3,Quality,27
49,3,Quality,44
49,4,Quality,72
49,4,Breakdown,54
49,5,Breakdown,76
49,5,Breakdown,82
49,6,Plannedmaintenance,76
49,6,Plannedmaintenance,43
49,8,Breakdown,37
49,11,Breakdown,79
49,12,Breakdown,37
49,12,Setup,82
49,13,Breakdown,80
49,13,Breakdown,67
50,3,Breakdown,58
50,3,Setup,32
50,4,Breakdown,81
50,4,Breakdown,33
50,5,Setup,81
50,6,Breakdown,19
50,6,Material,25
50,8,Breakdown,65
50,9,Plannedmaintenance,70
50,9,Quality,43
50,13,Breakdown,73
50,14,Breakdown,53
50,15,Setup,60
51,1,Breakdown,16
51,1,Setup,47
51,2,Setup,54
51,3,Breakdown,74
51,4,Setup,10
51,4,Breakdown,70
51,5,Breakdown,65
51,5,Material,84
51,6,Plannedmaintenance,74
51,7,Quality,20
51,14,Breakdown,11
51,15,Quality,49
51,15,Plannedmaintenance,20
52,2,Breakdown,30
52,2,Breakdown,20
52,3,Quality,40
52,4,Setup,78
52,5,Plannedmaintenance,67
52,6,Breakdown,85
52,6,Quality,11
52,8,Setup,76
52,8,Material,18
52,10,Setup,59
52,10,Breakdown,28
52,11,Quality,27
52,11,Setup,63
52,12,Breakdown,44
52,14,Quality,59
52,15,Breakdown,31
52,15,Breakdown,50
53,2,Breakdown,74
53,2,Breakdown,10
53,3,Breakdown,21
53,3,Setup,73
53,5,Breakdown,57
53,6,Plannedmaintenance,53
53,6,Breakdown,34
53,7,Breakdown,44
53,8,Setup,74
53,8,Breakdown,10
53,9,Breakdown,29
53,10,Quality,56
53,10,Breakdown,59
53,12,Breakdown,75
53,14,Setup,30
53,14,Quality,47
53,15,Breakdown,14
53,15,Breakdown,76
54,1,Material,82
54,2,Material,47
54,3,Breakdown,26
54,4,Breakdown,76
54,7,Setup,57
54,8,Breakdown,11
54,9,Breakdown,14
54,9,Material,32
54,10,Breakdown,16
54,12,Material,34
54,13,Breakdown,70
54,13,Plannedmaintenance,18
54,14,Setup,10
54,15,Quality,31
55,2,Quality,33
55,2,Quality,55
55,3,Setup,56
55,3,Setup,42
55,4,Quality,48
55,4,Quality,15
55,6,Quality,33
55,8,Breakdown,18
55,10,Breakdown,65
55,10,Breakdown,10
55,12,Setup,27
55,13,Plannedmaintenance,48
55,13,Breakdown,32
55,14,Quality,51
55,14,Material,15
55,15,Quality,85
55,15,Breakdown,39
56,1,Material,67
56,1,Quality,80
56,2,Material,89
56,2,Plannedmaintenance,66
56,3,Setup,32
56,4,Breakdown,88
56,5,Breakdown,37
56,5,Quality,89
56,6,Breakdown,36
56,6,Setup,11
56,8,Material,32
56,8,Material,38
56,10,Setup,87
56,10,Setup,27
56,11,Plannedmaintenance,18
56,11,Material,55
56,12,Breakdown,70
56,12,Setup,49
56,13,Breakdown,12
56,14,Setup,51
56,14,Setup,52
56,15,Setup,69
56,15,Plannedmaintenance,25
57,2,Breakdown,27
57,2,Breakdown,24
57,3,Material,84
57,3,Breakdown,24
57,5,Breakdown,12
57,5,Plannedmaintenance,38
57,7,Breakdown,70
57,7,Material,58
57,8,Breakdown,79
57,8,Breakdown,85
57,10,Setup,25
57,12,Breakdown,80
57,15,Plannedmaintenance,11
57,15,Breakdown,67
58,2,Setup,87
58,3,Breakdown,42
58,4,Breakdown,25
58,4,Setup,10
58,5,Material,25
58,5,Breakdown,35
58,8,Plannedmaintenance,37
58,10,Setup,78
58,11,Material,25
58,11,Setup,20
58,12,Breakdown,28
58,13,Setup,64
58,15,Breakdown,43
59,2,Setup,78
59,2,Setup,46
59,4,Breakdown,78
59,5,Setup,27
59,5,Breakdown,32
59,6,Breakdown,32
59,6,Quality,70
59,7,Material,71
59,7,Setup,14
59,8,Breakdown,51
59,8,Plannedmaintenance,60
59,9,Breakdown,17
59,9,Plannedmaintenance,73
59,11,Breakdown,77
59,11,Plannedmaintenance,76
59,12,Setup,13
59,13,Breakdown,84
59,15,Breakdown,15
60,1,Breakdown,29
60,2,Quality,43
60,2,Breakdown,10
60,3,Quality,31
60,4,Plannedmaintenance,60
60,4,Quality,44
60,7,Setup,54
60,7,Breakdown,89
60,8,Breakdown,12
60,10,Breakdown,75
60,10,Setup,12
60,12,Setup,40
60,13,Material,88
60,13,Material,39
60,14,Setup,44
61,1,Breakdown,72
61,1,Breakdown,40
61,4,Breakdown,28
61,4,Setup,60
61,6,Setup,79
61,6,Material,45
61,8,Breakdown,68
61,8,Breakdown,22
61,9,Material,32
61,9,Material,60
62,1,Breakdown,42
62,1,Material,53
62,2,Setup,44
62,3,Setup,53
62,4,Material,27
62,4,Material,80
62,8,Setup,54
62,11,Setup,33
62,11,Setup,27
62,12,Setup,75
62,13,Quality,28
62,13,Breakdown,36
62,14,Material,50
63,1,Setup,72
63,1,Material,65
63,2,Plannedmaintenance,38
63,2,Material,30
63,4,Plannedmaintenance,43
63,6,Setup,74
63,6,Material,74
63,8,Breakdown,38
63,10,Plannedmaintenance,83
63,10,Quality,55
63,12,Material,72
63,13,Breakdown,10
63,15,Setup,69
64,2,Setup,51
64,2,Setup,37
64,4,Setup,61
64,6,Material,74
64,6,Setup,34
64,10,Plannedmaintenance,53
64,10,Setup,52
64,12,Breakdown,62
64,12,Setup,29
64,14,Breakdown,20
64,14,Breakdown,55
65,1,Breakdown,53
65,1,Quality,65
65,2,Breakdown,18
65,2,Breakdown,67
65,4,Breakdown,83
65,5,Breakdown,89
65,6,Material,46
65,6,Quality,37
65,7,Quality,33
65,7,Material,37
65,8,Material,58
65,8,Setup,58
65,9,Setup,76
65,9,Plannedmaintenance,29
65,10,Material,14
65,11,Plannedmaintenance,49
65,12,Plannedmaintenance,30
65,13,Setup,20
65,14,Setup,52
65,14,Breakdown,31
66,2,Material,26
66,3,Material,70
66,9,Breakdown,16
66,9,Setup,72
66,10,Setup,33
66,10,Setup,31
66,12,Setup,15
66,12,Breakdown,58
67,1,Plannedmaintenance,41
67,3,Breakdown,72
67,4,Material,49
67,4,Plannedmaintenance,82
67,6,Breakdown,76
67,7,Plannedmaintenance,11
67,8,Setup,34
67,8,Setup,69
67,10,Breakdown,21
67,10,Breakdown,23
67,12,Quality,69
67,12,Material,85
67,13,Breakdown,37
67,13,Breakdown,40
67,14,Breakdown,55
67,15,Quality,18
67,15,Setup,81
68,1,Breakdown,55
68,2,Breakdown,23
68,2,Breakdown,16
68,4,Breakdown,16
68,5,Plannedmaintenance,82
68,5,Plannedmaintenance,61
68,6,Material,40
68,7,Breakdown,66
68,8,Breakdown,32
68,9,Setup,21
68,9,Setup,80
68,11,Setup,54
68,12,Material,76
68,12,Material,48
68,13,Setup,36
68,13,Breakdown,59
68,14,Material,64
68,14,Plannedmaintenance,50
68,15,Plannedmaintenance,35
68,15,Breakdown,16
69,3,Material,26
69,4,Setup,67
69,5,Plannedmaintenance,64
69,7,Breakdown,26
69,11,Quality,50
69,12,Breakdown,74
69,12,Material,31
69,13,Breakdown,11
69,13,Breakdown,36
69,15,Breakdown,82
69,15,Breakdown,12
70,2,Breakdown,13
70,2,Material,86
70,3,Setup,37
70,3,Setup,67
70,4,Breakdown,79
70,6,Breakdown,36
70,6,Material,14
70,7,Material,33
70,7,Quality,56
70,9,Material,14
70,9,Setup,70
70,11,Setup,68
70,13,Quality,79
70,14,Plannedmaintenance,59
71,2,Setup,14
71,2,Quality,53
71,3,Setup,56
71,3,Quality,24
71,4,Setup,48
71,5,Quality,46
71,5,Breakdown,40
71,7,Setup,88
71,7,Setup,13
71,8,Material,58
71,8,Setup,51
71,9,Breakdown,76
71,9,Quality,88
71,10,Setup,16
71,11,Breakdown,18
71,11,Setup,16
71,14,Plannedmaintenance,51
71,14,Plannedmaintenance,65
71,15,Breakdown,54
71,15,Setup,63
72,1,Breakdown,70
72,2,Breakdown,81
72,2,Material,33
72,3,Material,13
72,5,Setup,64
72,6,Setup,80
72,6,Breakdown,15
72,7,Breakdown,89
72,7,Setup,44
72,8,Breakdown,52
72,8,Setup,18
72,9,Breakdown,62
72,9,Plannedmaintenance,13
72,10,Setup,25
72,10,Quality,11
72,11,Material,25
72,12,Quality,64
72,12,Breakdown,83
72,13,Quality,77
72,13,Quality,52
72,14,Plannedmaintenance,88
72,14,Quality,64
72,15,Breakdown,34
72,15,Plannedmaintenance,28
73,1,Plannedmaintenance,67
73,1,Breakdown,20
73,2,Material,23
73,3,Breakdown,88
73,3,Quality,24
73,4,Breakdown,12
73,4,Breakdown,62
73,5,Setup,41
73,6,Breakdown,78
73,6,Setup,69
73,7,Breakdown,59
73,8,Breakdown,27
73,8,Plannedmaintenance,43
73,12,Setup,53
73,12,Breakdown,30
73,13,Plannedmaintenance,78
73,13,Quality,14
73,15,Breakdown,66
73,15,Setup,77
74,1,Quality,36
74,1,Breakdown,67
74,2,Setup,86
74,3,Breakdown,29
74,4,Quality,65
74,4,Breakdown,72
74,5,Breakdown,23
74,5,Quality,78
74,6,Breakdown,55
74,7,Breakdown,28
74,7,Material,30
74,9,Setup,45
74,9,Plannedmaintenance,23
74,11,Breakdown,40
74,12,Material,73
74,12,Setup,58
74,13,Material,24
74,13,Setup,62
75,2,Breakdown,69
75,2,Material,47
75,4,Material,57
75,8,Breakdown,76
75,11,Breakdown,72
75,11,Setup,49
75,12,Material,39
75,13,Setup,78
75,13,Plannedmaintenance,38
75,14,Material,48
75,15,Quality,18
76,1,Breakdown,38
76,2,Setup,76
76,2,Quality,40
76,3,Plannedmaintenance,88
76,5,Plannedmaintenance,78
76,5,Quality,81
76,6,Breakdown,33
76,6,Setup,44
76,9,Setup,17
76,12,Breakdown,49
76,12,Material,16
76,14,Breakdown,14
77,1,Quality,63
77,2,Breakdown,49
77,2,Breakdown,88
77,3,Quality,87
77,3,Setup,19
77,4,Breakdown,50
77,4,Setup,36
77,6,Quality,55
77,7,Breakdown,29
77,7,Quality,85
77,8,Material,74
77,10,Breakdown,11
77,11,Quality,17
77,13,Material,29
77,13,Setup,30
77,14,Breakdown,12
77,15,Material,14
78,2,Quality,46
78,3,Breakdown,47
78,3,Plannedmaintenance,49
78,4,Quality,78
78,6,Material,10
78,7,Breakdown,65
78,8,Material,28
78,8,Breakdown,87
78,10,Setup,27
78,10,Breakdown,83
78,11,Plannedmaintenance,62
78,12,Breakdown,58
78,15,Quality,19
79,2,Quality,17
79,2,Quality,26
79,3,Material,66
79,3,Setup,33
79,4,Breakdown,80
79,5,Breakdown,72
79,5,Setup,33
79,6,Setup,78
79,8,Quality,37
79,9,Setup,53
79,11,Setup,84
79,12,Quality,41
79,12,Quality,77
79,13,Breakdown,82
79,14,Quality,46
80,1,Material,39
80,1,Setup,65
80,4,Material,73
80,6,Breakdown,48
80,6,Breakdown,65
80,7,Setup,46
80,7,Breakdown,48
80,8,Setup,14
80,8,Plannedmaintenance,17
80,10,Breakdown,89
80,11,Material,41
80,12,Setup,29
80,13,Breakdown,17
80,14,Quality,10
81,2,Breakdown,30
81,3,Material,72
81,3,Plannedmaintenance,41
81,4,Setup,82
81,5,Setup,85
81,5,Setup,60
81,6,Breakdown,39
81,7,Quality,57
81,7,Setup,69
81,8,Setup,22
81,9,Breakdown,62
81,11,Breakdown,39
81,11,Material,85
81,12,Setup,64
81,12,Quality,14
81,14,Material,41
81,15,Plannedmaintenance,60
81,15,Breakdown,24
82,2,Breakdown,75
82,5,Setup,37
82,5,Setup,62
82,6,Setup,58
82,8,Breakdown,80
82,10,Setup,72
82,10,Setup,58
82,14,Breakdown,77
82,14,Setup,37
82,15,Breakdown,10
83,2,Setup,18
83,3,Quality,12
83,4,Quality,83
83,4,Material,37
83,9,Material,87
83,10,Quality,82
83,10,Plannedmaintenance,71
83,12,Setup,80
83,14,Setup,73
83,15,Breakdown,62
84,1,Setup,45
84,5,Setup,18
84,6,Breakdown,42
84,7,Setup,14
84,7,Quality,24
84,8,Breakdown,88
84,8,Setup,21
84,9,Breakdown,32
84,10,Quality,23
84,11,Breakdown,54
84,12,Breakdown,39
84,12,Quality,43
84,13,Breakdown,21
85,1,Plannedmaintenance,79
85,2,Setup,20
85,2,Material,61
85,3,Material,37
85,4,Breakdown,49
85,4,Setup,56
85,7,Setup,19
85,8,Breakdown,45
85,9,Material,15
85,9,Quality,70
85,10,Plannedmaintenance,68
85,10,Material,28
85,11,Material,76
85,12,Material,81
86,3,Breakdown,31
86,3,Setup,25
86,5,Breakdown,37
86,5,Breakdown,45
86,6,Material,85
86,6,Breakdown,53
86,7,Setup,15
86,8,Setup,79
86,8,Setup,56
86,11,Setup,15
86,12,Quality,60
86,14,Setup,59
86,15,Breakdown,58
87,2,Breakdown,82
87,2,Quality,45
87,3,Breakdown,69
87,4,Material,31
87,6,Breakdown,58
87,7,Setup,50
87,7,Breakdown,89
87,8,Breakdown,18
87,9,Quality,36
87,10,Breakdown,32
87,10,Setup,48
87,11,Setup,22
87,11,Plannedmaintenance,70
87,13,Breakdown,66
87,14,Quality,79
87,14,Breakdown,31
87,15,Breakdown,33
88,1,Setup,78
88,1,Setup,25
88,3,Setup,66
88,3,Quality,82
88,5,Material,12
88,7,Material,49
88,8,Material,60
88,8,Breakdown,38
88,12,Setup,31
88,12,Breakdown,41
88,13,Breakdown,26
88,13,Quality,76
88,14,Quality,72
88,15,Setup,67
88,15,Quality,14
89,1,Material,17
89,2,Material,22
89,2,Quality,14
89,3,Quality,82
89,5,Quality,49
89,5,Breakdown,64
89,7,Quality,70
89,7,Setup,15
89,8,Breakdown,82
89,8,Breakdown,88
89,9,Quality,40
89,11,Quality,74
89,11,Breakdown,12
89,13,Setup,54
89,15,Breakdown,82
89,15,Setup,24
90,1,Setup,66
90,1,Material,58
90,3,Setup,57
90,3,Quality,76
90,4,Plannedmaintenance,26
90,4,Setup,67
90,5,Quality,45
90,6,Material,11
90,7,Breakdown,48
90,7,Quality,57
90,11,Material,82
90,14,Breakdown,57
90,14,Material,56
90,15,Breakdown,86
91,1,Material,67
91,2,Material,23
91,2,Quality,57
91,4,Breakdown,86
91,5,Setup,68
91,5,Setup,48
91,12,Quality,29
91,12,Breakdown,16
91,13,Breakdown,25
91,14,Breakdown,80
92,1,Material,42
92,1,Breakdown,73
92,3,Breakdown,84
92,7,Plannedmaintenance,45
92,9,Breakdown,75
92,9,Setup,85
92,10,Plannedmaintenance,40
92,10,Setup,73
92,11,Breakdown,88
92,11,Breakdown,88
92,12,Setup,29
92,12,Breakdown,53
92,13,Breakdown,80
92,13,Setup,52
92,15,Quality,14
92,15,Plannedmaintenance,47
93,3,Setup,27
93,3,Setup,54
93,4,Plannedmaintenance,42
93,4,Breakdown,82
93,5,Quality,65
93,5,Material,53
93,7,Setup,25
93,9,Quality,85
93,9,Material,15
93,10,Setup,51
93,11,Material,38
93,11,Material,28
93,12,Plannedmaintenance,30
93,12,Breakdown,37
93,14,Quality,69
93,15,Breakdown,86
94,1,Material,38
94,1,Breakdown,24
94,4,Setup,12
94,5,Breakdown,19
94,5,Material,86
94,7,Plannedmaintenance,44
94,7,Breakdown,87
94,10,Breakdown,21
94,10,Material,79
94,12,Breakdown,89
94,12,Setup,21
94,13,Breakdown,23
94,13,Quality,57
94,15,Breakdown,74
94,15,Quality,20
95,2,Quality,79
95,2,Setup,71
95,4,Material,69
95,5,Breakdown,34
95,6,Plannedmaintenance,59
95,6,Material,75
95,7,Quality,89
95,7,Breakdown,70
95,8,Setup,88
95,8,Quality,39
95,9,Material,53
95,9,Breakdown,12
95,10,Material,77
95,10,Breakdown,62
95,12,Plannedmaintenance,83
95,12,Setup,68
95,13,Quality,88
95,14,Quality,36
95,15,Breakdown,19
95,15,Material,13
96,1,Setup,21
96,1,Setup,49
96,2,Material,16
96,2,Setup,29
96,3,Setup,76
96,3,Plannedmaintenance,21
96,4,Material,41
96,4,Quality,47
96,5,Material,28
96,5,Setup,38
96,6,Breakdown,72
96,6,Plannedmaintenance,25
96,7,Breakdown,79
96,8,Quality,81
96,9,Plannedmaintenance,73
96,10,Setup,75
96,10,Material,38
96,11,Breakdown,54
96,11,Setup,12
96,12,Setup,51
96,13,Quality,23
96,13,Breakdown,17
96,14,Breakdown,59
96,15,Quality,74
96,15,Setup,33
97,2,Breakdown,13
97,4,Material,32
97,5,Breakdown,11
97,6,Setup,38
97,6,Plannedmaintenance,47
97,7,Breakdown,75
97,7,Material,86
97,8,Material,78
97,8,Plannedmaintenance,12
97,9,Plannedmaintenance,76
97,10,Breakdown,24
97,10,Quality,57
97,11,Setup,31
97,11,Setup,33
97,12,Setup,67
97,12,Quality,25
97,13,Setup,50
97,13,Breakdown,48
98,1,Material,32
98,1,Quality,22
98,3,Plannedmaintenance,39
98,3,Setup,10
98,4,Breakdown,73
98,4,Material,69
98,5,Plannedmaintenance,53
98,6,Material,15
98,7,Setup,76
98,7,Breakdown,79
98,9,Quality,74
98,9,Breakdown,73
98,12,Material,42
98,12,Setup,56
98,13,Setup,21
98,14,Material,13
98,14,Quality,20
98,15,Breakdown,28
99,1,Setup,31
99,1,Material,68
99,2,Breakdown,47
99,2,Breakdown,55
99,4,Plannedmaintenance,59
99,5,Breakdown,70
99,6,Setup,10
99,6,Breakdown,79
99,7,Quality,24
99,7,Material,41
99,9,Plannedmaintenance,80
99,11,Breakdown,28
99,12,Plannedmaintenance,19
99,12,Material,37
99,13,Quality,36
99,13,Quality,79
99,15,Setup,32
100,1,Breakdown,37
100,1,Plannedmaintenance,42
100,5,Setup,84
100,5,Setup,75
100,7,Material,26
100,8,Setup,62
100,8,Setup,76
100,9,Setup,82
100,10,Material,75
100,10,Breakdown,46
100,11,Quality,21
100,13,Setup,81
100,14,Plannedmaintenance,82
100,15,Setup,10
101,1,Plannedmaintenance,17
101,1,Breakdown,74
101,5,Setup,19
101,5,Breakdown,38
101,6,Quality,46
101,8,Setup,85
101,9,Plannedmaintenance,33
101,10,Setup,32
101,12,Breakdown,21
101,12,Setup,68
101,13,Material,87
101,13,Setup,32
101,14,Breakdown,57
101,15,Quality,28
102,1,Setup,24
102,2,Plannedmaintenance,15
102,3,Setup,25
102,3,Setup,35
102,4,Setup,63
102,5,Quality,60
102,7,Material,55
102,8,Quality,17
102,9,Breakdown,48
102,10,Material,41
102,10,Breakdown,51
102,11,Setup,58
102,11,Setup,60
102,13,Plannedmaintenance,48
103,2,Breakdown,19
103,2,Quality,46
103,3,Breakdown,68
103,4,Breakdown,12
103,4,Setup,27
103,5,Material,50
103,5,Quality,86
103,7,Material,12
103,7,Material,83
103,8,Quality,37
103,8,Quality,72
103,9,Setup,36
103,10,Plannedmaintenance,84
103,10,Plannedmaintenance,70
103,12,Setup,57
103,13,Breakdown,21
103,13,Breakdown,88
103,14,Breakdown,76
103,15,Setup,82
104,1,Setup,32
104,1,Breakdown,70
104,4,Quality,60
104,4,Breakdown,35
104,5,Setup,64
104,6,Plannedmaintenance,41
104,6,Breakdown,87
104,7,Quality,17
104,7,Breakdown,78
104,8,Setup,27
104,13,Breakdown,18
104,15,Quality,67
104,15,Material,57
105,1,Breakdown,43
105,1,Breakdown,30
105,2,Quality,61
105,3,Quality,25
105,5,Material,77
105,5,Setup,60
105,6,Setup,20
105,10,Setup,83
105,10,Breakdown,25
105,11,Material,14
105,11,Setup,33
105,12,Material,78
105,12,Breakdown,57
105,14,Breakdown,22
105,15,Setup,30
105,15,Breakdown,80
106,1,Material,26
106,2,Breakdown,84
106,2,Material,65
106,3,Setup,29
106,3,Plannedmaintenance,35
106,4,Quality,63
106,5,Material,88
106,6,Quality,55
106,7,Setup,61
106,7,Setup,85
106,10,Quality,61
106,11,Setup,47
106,11,Material,40
106,14,Setup,61
106,14,Breakdown,54
106,15,Breakdown,42
106,15,Setup,79
107,2,Quality,53
107,2,Plannedmaintenance,58
107,3,Quality,49
107,3,Breakdown,67
107,4,Plannedmaintenance,49
107,4,Setup,37
107,5,Quality,53
107,5,Setup,53
107,6,Breakdown,75
107,6,Breakdown,50
107,8,Setup,79
107,10,Breakdown,34
107,10,Setup,10
107,11,Breakdown,77
107,14,Quality,21
107,14,Setup,35
108,1,Breakdown,36
108,3,Setup,37
108,4,Quality,20
108,4,Material,26
108,5,Quality,70
108,9,Breakdown,18
108,10,Material,79
109,5,Breakdown,21
109,5,Quality,43
109,7,Breakdown,54
109,7,Setup,15
109,9,Breakdown,37
109,10,Breakdown,66
109,11,Breakdown,72
109,12,Plannedmaintenance,76
109,14,Material,15
109,15,Breakdown,45
109,15,Breakdown,66
110,1,Plannedmaintenance,59
110,1,Setup,28
110,3,Quality,34
110,3,Quality,37
110,6,Quality,31
110,9,Setup,15
110,10,Material,83
110,10,Breakdown,16
110,11,Breakdown,42
110,11,Material,57
110,13,Quality,84
110,14,Setup,77
110,14,Breakdown,30
110,15,Material,85
111,2,Breakdown,63
111,2,Material,44
111,3,Breakdown,72
111,5,Breakdown,34
111,5,Breakdown,68
111,6,Breakdown,70
111,6,Quality,29
111,7,Quality,73
111,7,Setup,49
111,8,Quality,34
111,8,Plannedmaintenance,65
111,9,Setup,14
111,10,Breakdown,77
111,10,Breakdown,37
111,14,Breakdown,82
112,2,Setup,13
112,3,Plannedmaintenance,67
112,4,Setup,73
112,4,Breakdown,53
112,5,Breakdown,54
112,6,Setup,67
112,6,Breakdown,71
112,7,Setup,43
112,7,Setup,42
112,9,Breakdown,14
112,10,Breakdown,76
112,12,Breakdown,38
112,13,Setup,86
112,14,Material,60
113,1,Breakdown,27
113,1,Quality,52
113,2,Breakdown,32
113,4,Setup,55
113,4,Material,63
113,7,Breakdown,77
113,8,Breakdown,52
113,8,Breakdown,25
113,9,Plannedmaintenance,16
113,9,Breakdown,49
113,11,Material,66
113,12,Plannedmaintenance,70
113,12,Setup,30
113,13,Quality,46
113,13,Breakdown,21
113,14,Setup,57
113,14,Plannedmaintenance,48
113,15,Breakdown,69
113,15,Breakdown,49
114,1,Breakdown,51
114,1,Material,14
114,2,Breakdown,67
114,2,Breakdown,74
114,3,Material,10
114,3,Setup,83
114,4,Setup,35
114,5,Material,83
114,8,Quality,10
114,9,Setup,31
114,9,Setup,78
114,10,Material,66
114,10,Breakdown,17
114,11,Setup,24
114,12,Breakdown,47
114,12,Quality,26
114,14,Quality,79
114,15,Quality,81
114,15,Setup,34
115,1,Breakdown,73
115,3,Breakdown,58
115,3,Breakdown,79
115,5,Plannedmaintenance,55
115,5,Material,12
115,6,Breakdown,87
115,6,Material,32
115,7,Setup,24
115,9,Breakdown,39
115,12,Breakdown,40
115,13,Setup,19
115,13,Material,24
115,14,Material,18
115,14,Breakdown,21
115,15,Quality,15
115,15,Material,69
116,2,Quality,80
116,2,Breakdown,70
116,5,Breakdown,18
116,5,Breakdown,21
116,6,Quality,63
116,6,Breakdown,54
116,7,Material,82
116,8,Breakdown,59
116,9,Breakdown,84
116,9,Setup,44
116,10,Quality,60
116,11,Breakdown,16
116,12,Setup,17
116,13,Plannedmaintenance,85
116,13,Breakdown,85
116,14,Setup,52
116,14,Material,18
116,15,Quality,65
117,1,Setup,42
117,1,Quality,87
117,2,Setup,49
117,2,Breakdown,31
117,4,Quality,14
117,5,Breakdown,22
117,6,Setup,38
117,7,Breakdown,59
117,8,Material,76
117,9,Quality,43
117,9,Breakdown,54
117,10,Setup,58
117,10,Breakdown,70
117,12,Material,19
117,13,Material,11
117,13,Quality,80
117,15,Plannedmaintenance,83
117,15,Breakdown,58
118,2,Setup,71
118,3,Setup,28
118,7,Material,74
118,7,Breakdown,41
118,8,Material,56
118,8,Material,89
118,10,Setup,64
118,10,Setup,86
118,12,Breakdown,24
118,13,Breakdown,20
118,14,Breakdown,43
118,14,Setup,50
118,15,Setup,77
119,1,Quality,33
119,1,Breakdown,54
119,2,Quality,26
119,4,Plannedmaintenance,87
119,5,Breakdown,66
119,6,Plannedmaintenance,87
119,6,Plannedmaintenance,50
119,7,Setup,77
119,8,Material,23
119,8,Breakdown,73
119,9,Setup,81
119,9,Quality,41
119,10,Quality,81
119,10,Material,14
119,12,Breakdown,87
119,12,Quality,24
119,14,Setup,34
119,15,Setup,78
119,15,Plannedmaintenance,87
120,2,Setup,25
120,5,Quality,33
120,5,Setup,66
120,6,Setup,34
120,6,Material,14
120,7,Breakdown,85
120,7,Plannedmaintenance,57
120,9,Quality,47
120,11,Setup,50
120,12,Plannedmaintenance,43
120,12,Breakdown,66
120,13,Breakdown,62
120,14,Setup,40
120,15,Breakdown,55
121,2,Breakdown,81
121,3,Setup,45
121,5,Material,58
121,5,Breakdown,30
121,7,Plannedmaintenance,76
121,7,Breakdown,50
121,10,Setup,88
121,10,Setup,58
121,12,Breakdown,44
121,13,Breakdown,26
121,15,Quality,66
121,15,Breakdown,53
122,2,Quality,20
122,3,Material,80
122,4,Breakdown,58
122,4,Breakdown,56
122,5,Breakdown,89
122,7,Breakdown,36
122,7,Setup,76
122,8,Breakdown,83
122,9,Plannedmaintenance,10
122,9,Setup,21
122,10,Material,52
122,11,Breakdown,10
122,11,Material,16
122,12,Breakdown,76
122,14,Breakdown,34
122,15,Material,13
122,15,Setup,83
123,1,Quality,85
123,2,Breakdown,68
123,2,Setup,10
123,4,Material,24
123,5,Quality,21
123,6,Quality,12
123,11,Setup,11
123,11,Setup,58
123,12,Setup,37
123,13,Material,49
124,2,Breakdown,47
124,2,Breakdown,21
124,5,Quality,36
124,5,Quality,62
124,6,Plannedmaintenance,25
124,7,Material,17
124,9,Setup,29
124,11,Setup,46
124,11,Quality,24
124,12,Material,65
124,13,Breakdown,19
124,13,Setup,17
124,14,Plannedmaintenance,10
125,1,Setup,56
125,4,Plannedmaintenance,53
125,4,Setup,64
125,5,Breakdown,69
125,5,Breakdown,46
125,6,Setup,53
125,7,Quality,67
125,7,Quality,60
125,9,Quality,70
125,10,Material,45
125,10,Quality,40
125,11,Setup,70
125,12,Plannedmaintenance,79
125,12,Setup,73
125,14,Plannedmaintenance,42
125,14,Breakdown,75
125,15,Setup,30
126,1,Breakdown,17
126,2,Breakdown,87
126,2,Breakdown,65
126,4,Breakdown,63
126,4,Quality,80
126,6,Quality,69
126,8,Quality,35
126,8,Breakdown,67
126,9,Breakdown,65
126,9,Breakdown,75
126,10,Setup,63
126,11,Breakdown,61
126,11,Quality,80
126,12,Material,66
126,12,Quality,66
126,13,Setup,39
126,13,Plannedmaintenance,81
126,14,Quality,28
126,14,Plannedmaintenance,42
126,15,Plannedmaintenance,18
126,15,Setup,10
127,1,Setup,43
127,1,Setup,20
127,5,Setup,42
127,5,Breakdown,62
127,6,Breakdown,73
127,7,Breakdown,55
127,7,Plannedmaintenance,21
127,11,Breakdown,56
127,12,Quality,65
127,14,Plannedmaintenance,12
127,14,Quality,88
127,15,Material,39
127,15,Plannedmaintenance,64
128,1,Setup,23
128,1,Breakdown,35
128,3,Plannedmaintenance,89
128,4,Material,41
128,5,Setup,88
128,5,Setup,66
128,7,Quality,23
128,8,Setup,49
128,9,Setup,31
128,14,Breakdown,57
128,15,Breakdown,37
128,15,Breakdown,42
129,1,Breakdown,52
129,3,Breakdown,63
129,3,Breakdown,81
129,4,Breakdown,39
129,8,Setup,41
129,8,Material,35
129,9,Setup,55
129,10,Quality,54
129,10,Setup,79
129,11,Setup,64
129,12,Plannedmaintenance,18
129,12,Material,61
129,14,Breakdown,88
129,14,Breakdown,29
129,15,Breakdown,49
129,15,Quality,43
130,1,Breakdown,83
130,2,Setup,15
130,2,Setup,44
130,5,Breakdown,26
130,5,Setup,69
130,7,Setup,68
130,8,Breakdown,87
130,10,Breakdown,52
130,12,Quality,74
130,13,Breakdown,77
130,13,Setup,14
130,15,Quality,14
131,1,Quality,43
131,4,Breakdown,40
131,6,Breakdown,23
131,7,Breakdown,88
131,8,Material,37
131,9,Breakdown,59
131,10,Breakdown,12
131,10,Quality,79
131,11,Breakdown,29
131,11,Breakdown,63
131,13,Quality,62
131,13,Setup,49
132,1,Setup,59
132,1,Plannedmaintenance,74
132,5,Setup,37
132,5,Breakdown,67
132,7,Setup,88
132,7,Setup,17
132,8,Quality,17
132,8,Quality,78
132,9,Quality,85
132,10,Plannedmaintenance,71
132,11,Setup,81
132,14,Setup,72
132,14,Material,79
132,15,Setup,68
133,2,Material,51
133,3,Setup,18
133,3,Setup,62
133,4,Breakdown,36
133,5,Breakdown,63
133,5,Breakdown,35
133,6,Plannedmaintenance,59
133,6,Breakdown,54
133,7,Quality,17
133,7,Breakdown,52
133,8,Breakdown,46
133,8,Breakdown,71
133,9,Quality,58
133,9,Plannedmaintenance,81
133,10,Material,57
133,11,Plannedmaintenance,17
133,13,Setup,76
133,13,Breakdown,51
133,14,Breakdown,12
133,14,Breakdown,15
133,15,Breakdown,64
133,15,Breakdown,62
134,1,Setup,73
134,1,Plannedmaintenance,18
134,2,Material,62
134,3,Breakdown,36
134,3,Breakdown,57
134,5,Quality,72
134,6,Setup,71
134,7,Quality,71
134,7,Setup,12
134,8,Breakdown,64
134,9,Material,47
134,10,Breakdown,54
134,11,Breakdown,60
134,12,Setup,74
134,12,Material,23
135,1,Quality,11
135,1,Quality,53
135,2,Setup,37
135,3,Breakdown,23
135,4,Breakdown,46
135,6,Breakdown,19
135,8,Breakdown,80
135,8,Breakdown,52
135,11,Breakdown,87
135,11,Breakdown,12
135,12,Quality,83
135,12,Setup,15
135,14,Breakdown,15
135,15,Quality,65
136,1,Breakdown,60
136,2,Setup,52
136,3,Setup,18
136,4,Material,14
136,5,Material,32
136,5,Setup,70
136,6,Setup,26
136,8,Breakdown,85
136,8,Quality,49
136,10,Quality,43
136,10,Breakdown,69
136,12,Setup,78
136,12,Setup,52
137,1,Quality,86
137,2,Setup,14
137,2,Breakdown,79
137,3,Setup,12
137,4,Breakdown,61
137,4,Setup,23
137,5,Breakdown,23
137,6,Setup,19
137,7,Setup,11
137,7,Setup,86
137,8,Breakdown,77
137,9,Quality,41
137,9,Material,74
137,10,Breakdown,27
137,12,Setup,85
137,12,Setup,49
137,13,Quality,26
137,13,Quality,15
137,14,Breakdown,79
137,14,Setup,19
137,15,Material,81
137,15,Setup,72
138,1,Breakdown,64
138,1,Setup,38
138,3,Breakdown,65
138,4,Quality,63
138,4,Quality,88
138,7,Quality,68
138,7,Plannedmaintenance,66
138,8,Plannedmaintenance,48
138,9,Breakdown,16
138,11,Quality,60
138,11,Quality,87
138,12,Material,28
138,12,Plannedmaintenance,12
138,13,Breakdown,59
138,13,Setup,64
138,14,Plannedmaintenance,67
138,15,Quality,65
139,1,Setup,25
139,3,Breakdown,15
139,3,Setup,66
139,5,Breakdown,45
139,5,Breakdown,15
139,6,Material,58
139,8,Plannedmaintenance,22
139,8,Quality,69
139,9,Setup,12
139,10,Quality,13
139,11,Material,38
139,12,Plannedmaintenance,80
139,13,Breakdown,28
139,13,Plannedmaintenance,33
139,15,Material,15
139,15,Breakdown,43
140,1,Material,69
140,2,Breakdown,67
140,3,Breakdown,38
140,3,Quality,71
140,4,Setup,60
140,4,Material,86
140,7,Material,61
140,7,Plannedmaintenance,45
140,8,Setup,44
140,8,Breakdown,37
140,10,Plannedmaintenance,87
140,12,Breakdown,80
140,12,Breakdown,14
140,13,Plannedmaintenance,14
140,14,Setup,22
140,15,Breakdown,46
141,2,Quality,39
141,3,Setup,39
141,3,Setup,23
141,4,Breakdown,67
141,5,Plannedmaintenance,87
141,6,Setup,19
141,6,Material,39
141,7,Quality,86
141,7,Breakdown,39
141,8,Plannedmaintenance,13
141,8,Breakdown,83
141,9,Setup,17
141,9,Material,11
141,10,Breakdown,14
141,11,Breakdown,23
141,11,Plannedmaintenance,44
141,14,Quality,68
141,15,Quality,23
142,1,Breakdown,11
142,1,Breakdown,63
142,2,Material,36
142,3,Material,14
142,3,Breakdown,11
142,4,Breakdown,34
142,4,Breakdown,11
142,6,Breakdown,22
142,7,Setup,54
142,7,Breakdown,18
142,8,Quality,72
142,8,Setup,71
142,9,Breakdown,86
142,9,Material,50
142,10,Setup,10
142,11,Plannedmaintenance,75
142,11,Breakdown,15
142,14,Breakdown,18
142,14,Quality,33
142,15,Quality,14
142,15,Breakdown,87
143,1,Breakdown,45
143,1,Quality,57
143,2,Quality,67
143,2,Quality,36
143,3,Breakdown,23
143,4,Setup,39
143,4,Material,44
143,5,Material,50
143,7,Setup,12
143,8,Setup,81
143,11,Breakdown,50
143,12,Setup,17
143,12,Breakdown,83
143,13,Breakdown,73
143,13,Setup,45
143,14,Setup,53
143,15,Plannedmaintenance,46
143,15,Breakdown,84
144,3,Material,75
144,6,Setup,24
144,6,Setup,10
144,7,Setup,55
144,7,Quality,77
144,8,Breakdown,16
144,9,Setup,10
144,11,Breakdown,33
144,12,Setup,61
144,12,Breakdown,32
144,13,Material,20
145,1,Breakdown,21
145,1,Quality,25
145,2,Breakdown,28
145,2,Breakdown,32
145,5,Breakdown,19
145,5,Breakdown,76
145,6,Quality,61
145,6,Setup,18
145,7,Quality,81
145,8,Material,19
145,9,Quality,68
145,9,Material,35
145,10,Breakdown,38
145,11,Breakdown,63
145,12,Quality,83
145,13,Setup,27
145,13,Material,52
146,3,Quality,64
146,4,Breakdown,19
146,6,Setup,79
146,6,Breakdown,42
146,8,Plannedmaintenance,52
146,9,Quality,63
146,9,Breakdown,12
146,10,Quality,53
146,11,Setup,20
146,12,Quality,52
146,14,Breakdown,22
146,15,Setup,76
146,15,Setup,60
147,1,Setup,66
147,1,Plannedmaintenance,22
147,5,Breakdown,79
147,6,Plannedmaintenance,47
147,7,Setup,72
147,8,Setup,89
147,9,Breakdown,85
147,10,Material,81
147,12,Material,52
147,14,Breakdown,26
147,15,Setup,85
147,15,Breakdown,47
148,1,Breakdown,43
148,2,Setup,30
148,3,Setup,38
148,3,Setup,31
148,4,Setup,89
148,5,Quality,47
148,5,Setup,56
148,8,Breakdown,82
148,11,Plannedmaintenance,23
148,11,Breakdown,18
148,14,Setup,72
148,14,Quality,23
149,1,Setup,44
149,2,Material,54
149,2,Quality,39
149,3,Plannedmaintenance,87
149,4,Quality,82
149,4,Setup,29
149,6,Breakdown,77
149,6,Breakdown,44
149,7,Breakdown,75
149,7,Breakdown,44
149,8,Setup,65
149,8,Quality,46
149,9,Plannedmaintenance,21
149,9,Quality,63
149,10,Quality,11
149,10,Material,60
149,11,Quality,87
149,12,Setup,75
149,13,Plannedmaintenance,23
149,13,Quality,46
149,14,Setup,64
149,14,Breakdown,79
150,1,Setup,87
150,1,Breakdown,84
150,2,Breakdown,56
150,3,Breakdown,66
150,5,Setup,60
150,6,Setup,15
150,6,Material,47
150,7,Setup,70
150,8,Setup,45
150,9,Quality,72
150,12,Quality,51
150,13,Setup,22
150,13,Breakdown,33
151,1,Setup,71
151,2,Setup,38
151,2,Setup,55
151,4,Quality,59
151,5,Plannedmaintenance,70
151,5,Plannedmaintenance,19
151,6,Breakdown,49
151,6,Setup,46
151,7,Breakdown,51
151,8,Quality,88
151,11,Breakdown,80
151,11,Material,47
151,13,Breakdown,80
151,13,Breakdown,15
151,14,Quality,84
152,2,Breakdown,71
152,2,Material,60
152,3,Quality,28
152,4,Breakdown,27
152,4,Material,55
152,6,Plannedmaintenance,31
152,6,Quality,44
152,9,Material,89
152,9,Setup,11
152,11,Breakdown,84
152,15,Material,47
153,1,Breakdown,20
153,3,Breakdown,46
153,5,Breakdown,79
153,5,Breakdown,35
153,8,Quality,64
153,9,Plannedmaintenance,12
153,9,Breakdown,41
153,10,Breakdown,69
153,10,Setup,79
153,11,Breakdown,80
153,12,Quality,49
153,13,Material,48
154,1,Material,49
154,1,Breakdown,18
154,2,Breakdown,58
154,4,Breakdown,45
154,4,Plannedmaintenance,23
154,5,Breakdown,88
154,5,Material,86
154,6,Material,54
154,6,Breakdown,74
154,7,Breakdown,25
154,7,Quality,52
154,8,Breakdown,63
154,8,Material,83
154,10,Quality,61
154,10,Breakdown,61
154,11,Material,73
154,11,Breakdown,30
154,12,Quality,62
154,12,Quality,19
154,13,Plannedmaintenance,27
154,13,Breakdown,15
154,15,Setup,39
155,1,Material,45
155,2,Setup,76
155,4,Breakdown,15
155,4,Breakdown,85
155,5,Material,82
155,5,Setup,80
155,6,Material,14
155,6,Setup,75
155,7,Breakdown,46
155,7,Material,87
155,8,Setup,44
155,9,Breakdown,23
155,9,Plannedmaintenance,23
155,10,Breakdown,72
155,10,Material,20
155,11,Material,54
155,12,Breakdown,61
155,12,Breakdown,79
155,13,Material,49
155,14,Material,37
155,15,Breakdown,37
156,1,Quality,28
156,1,Breakdown,49
156,3,Breakdown,65
156,3,Material,79
156,4,Breakdown,16
156,5,Material,20
156,6,Quality,47
156,7,Setup,28
156,9,Breakdown,72
156,9,Breakdown,76
156,10,Material,66
156,10,Breakdown,73
156,11,Quality,72
156,12,Quality,84
156,12,Setup,28
156,13,Material,20
156,15,Breakdown,41
156,15,Setup,46
157,2,Plannedmaintenance,87
157,2,Material,25
157,4,Breakdown,44
157,8,Breakdown,59
157,9,Breakdown,61
157,9,Setup,31
157,10,Setup,67
157,10,Breakdown,37
157,12,Material,45
157,13,Breakdown,44
157,13,Breakdown,18
157,14,Setup,83
157,14,Quality,17
157,15,Setup,79
158,1,Breakdown,64
158,1,Breakdown,54
158,2,Breakdown,48
158,3,Breakdown,86
158,3,Breakdown,10
158,5,Material,76
158,7,Breakdown,73
158,8,Setup,69
158,9,Plannedmaintenance,64
158,9,Breakdown,22
158,11,Material,30
158,12,Material,59
159,2,Material,54
159,2,Quality,59
159,3,Breakdown,79
159,3,Setup,64
159,4,Plannedmaintenance,11
159,4,Quality,44
159,8,Breakdown,39
159,9,Setup,43
159,12,Breakdown,47
159,12,Breakdown,47
159,13,Material,16
160,1,Quality,82
160,4,Setup,65
160,4,Setup,63
160,9,Breakdown,31
160,9,Setup,69
160,10,Material,40
160,10,Breakdown,47
160,11,Breakdown,12
160,13,Setup,16
160,14,Setup,41
160,15,Setup,31
160,15,Breakdown,47
161,1,Plannedmaintenance,33
161,2,Breakdown,34
161,3,Breakdown,51
161,3,Breakdown,15
161,6,Material,27
161,7,Plannedmaintenance,49
161,7,Setup,81
161,8,Breakdown,56
161,8,Plannedmaintenance,78
161,9,Plannedmaintenance,37
161,9,Setup,38
161,11,Material,39
161,11,Material,10
161,12,Material,63
161,13,Plannedmaintenance,15
161,13,Breakdown,80
162,2,Setup,77
162,3,Breakdown,40
162,7,Quality,75
162,7,Breakdown,58
162,9,Quality,85
162,11,Breakdown,44
162,13,Material,21
162,15,Breakdown,45
162,15,Setup,41
163,1,Material,63
163,1,Setup,87
163,2,Material,48
163,3,Quality,56
163,3,Breakdown,43
163,4,Breakdown,31
163,5,Setup,42
163,6,Breakdown,22
163,7,Plannedmaintenance,53
163,7,Breakdown,80
163,8,Setup,34
163,8,Breakdown,81
163,9,Quality,49
163,9,Setup,45
163,11,Material,59
163,11,Plannedmaintenance,81
163,12,Setup,62
163,14,Plannedmaintenance,84
163,14,Material,49
163,15,Breakdown,67
163,15,Setup,58
164,1,Material,72
164,2,Plannedmaintenance,43
164,2,Quality,57
164,5,Setup,81
164,6,Breakdown,45
164,8,Breakdown,63
164,10,Breakdown,20
164,10,Quality,55
164,11,Breakdown,28
164,12,Material,30
164,12,Material,66
164,15,Setup,12
165,1,Setup,38
165,3,Breakdown,63
165,3,Plannedmaintenance,37
165,4,Setup,23
165,4,Setup,39
165,5,Setup,89
165,6,Material,45
165,6,Setup,40
165,7,Setup,38
165,9,Setup,28
165,10,Material,10
165,10,Breakdown,56
165,11,Plannedmaintenance,56
165,12,Breakdown,71
165,12,Breakdown,74
165,13,Material,24
165,14,Breakdown,54
165,15,Plannedmaintenance,68
165,15,Material,38
166,1,Setup,48
166,1,Quality,46
166,2,Breakdown,38
166,2,Quality,82
166,4,Setup,10
166,8,Quality,51
166,8,Quality,27
166,9,Setup,45
166,9,Setup,38
166,12,Breakdown,69
166,13,Plannedmaintenance,27
166,14,Breakdown,31
166,14,Material,32
167,1,Quality,81
167,4,Quality,44
167,5,Material,28
167,6,Breakdown,89
167,6,Material,63
167,7,Quality,23
167,9,Material,79
167,9,Material,86
167,10,Material,42
167,10,Material,10
167,11,Quality,25
167,11,Quality,52
167,13,Breakdown,24
167,14,Material,80
168,1,Plannedmaintenance,66
168,2,Breakdown,34
168,5,Setup,51
168,5,Plannedmaintenance,13
168,6,Plannedmaintenance,88
168,6,Breakdown,38
168,8,Breakdown,37
168,9,Setup,88
168,9,Quality,59
168,10,Setup,36
168,11,Plannedmaintenance,50
168,11,Quality,85
168,12,Quality,29
168,13,Breakdown,76
168,14,Setup,21
168,14,Quality,68
168,15,Setup,22
169,2,Setup,24
169,2,Breakdown,41
169,3,Setup,36
169,6,Material,64
169,7,Material,64
169,7,Plannedmaintenance,20
169,8,Breakdown,45
169,8,Setup,15
169,9,Setup,49
169,10,Breakdown,32
169,10,Material,64
169,11,Breakdown,50
169,11,Breakdown,18
169,12,Material,25
169,12,Breakdown,28
169,13,Breakdown,42
169,13,Quality,53
169,15,Breakdown,68
169,15,Material,52
170,1,Material,52
170,3,Plannedmaintenance,16
170,4,Plannedmaintenance,42
170,5,Breakdown,77
170,5,Material,23
170,8,Breakdown,24
170,9,Quality,66
170,10,Setup,68
170,10,Setup,16
170,11,Plannedmaintenance,28
170,11,Breakdown,73
170,15,Breakdown,56
170,15,Quality,55
171,1,Material,13
171,3,Material,47
171,3,Material,40
171,4,Material,88
171,4,Material,11
171,5,Setup,76
171,5,Breakdown,83
171,6,Breakdown,82
171,6,Breakdown,19
171,7,Setup,77
171,7,Breakdown,63
171,10,Breakdown,22
171,10,Quality,30
171,12,Quality,13
171,13,Material,35
171,13,Quality,19
171,14,Breakdown,25
171,15,Setup,87
172,1,Breakdown,50
172,1,Material,81
172,2,Breakdown,23
172,2,Plannedmaintenance,24
172,3,Setup,48
172,5,Setup,79
172,5,Breakdown,61
172,7,Plannedmaintenance,45
172,7,Material,52
172,8,Quality,35
172,8,Breakdown,33
172,10,Plannedmaintenance,37
172,13,Breakdown,67
172,13,Quality,47
172,15,Material,15
172,15,Setup,12
173,1,Breakdown,37
173,2,Breakdown,73
173,2,Setup,39
173,4,Setup,67
173,5,Quality,26
173,5,Setup,52
173,6,Breakdown,36
173,6,Breakdown,31
173,7,Setup,54
173,8,Setup,32
173,9,Plannedmaintenance,80
173,9,Quality,26
173,10,Breakdown,15
173,10,Breakdown,16
173,11,Setup,13
173,11,Quality,58
173,12,Material,76
173,13,Breakdown,43
173,13,Material,45
173,14,Plannedmaintenance,89
173,15,Breakdown,39
174,1,Setup,63
174,1,Breakdown,18
174,2,Breakdown,77
174,2,Setup,17
174,5,Setup,13
174,8,Breakdown,31
174,9,Material,78
174,10,Quality,11
174,10,Setup,37
174,11,Setup,74
174,12,Setup,13
174,12,Plannedmaintenance,52
174,13,Breakdown,82
174,13,Quality,43
174,14,Breakdown,47
174,14,Breakdown,73
174,15,Plannedmaintenance,10
175,2,Setup,42
175,2,Breakdown,23
175,4,Setup,86
175,4,Breakdown,72
175,5,Setup,51
175,6,Breakdown,20
175,7,Quality,53
175,9,Breakdown,51
175,9,Plannedmaintenance,85
175,11,Breakdown,78
175,11,Quality,40
175,12,Setup,66
175,13,Breakdown,16
175,14,Plannedmaintenance,60
175,14,Breakdown,68
175,15,Plannedmaintenance,70
176,1,Breakdown,17
176,1,Breakdown,29
176,2,Setup,17
176,2,Plannedmaintenance,37
176,3,Setup,36
176,4,Plannedmaintenance,35
176,4,Material,11
176,5,Breakdown,24
176,6,Breakdown,65
176,7,Material,14
176,8,Breakdown,30
176,8,Quality,55
176,9,Setup,60
176,10,Breakdown,27
176,10,Breakdown,20
176,11,Breakdown,15
176,11,Setup,39
176,12,Breakdown,50
176,12,Setup,55
176,13,Breakdown,86
176,13,Breakdown,33
176,14,Breakdown,32
176,14,Setup,69
177,1,Setup,28
177,2,Setup,44
177,3,Setup,76
177,3,Breakdown,50
177,4,Material,49
177,5,Quality,50
177,7,Plannedmaintenance,84
177,9,Plannedmaintenance,16
177,9,Quality,87
177,10,Plannedmaintenance,65
177,12,Breakdown,73
177,13,Quality,68
178,4,Breakdown,73
178,5,Quality,55
178,5,Quality,87
178,6,Breakdown,11
178,6,Breakdown,29
178,7,Quality,14
178,7,Setup,47
178,8,Breakdown,17
178,9,Material,11
178,10,Breakdown,10
178,10,Material,55
178,11,Breakdown,57
178,11,Quality,56
178,12,Material,44
178,13,Quality,63
178,15,Setup,85
179,1,Breakdown,73
179,1,Plannedmaintenance,28
179,3,Material,27
179,3,Quality,55
179,5,Material,69
179,5,Setup,85
179,6,Setup,17
179,6,Setup,68
179,7,Breakdown,69
179,7,Material,16
179,8,Quality,24
179,8,Breakdown,15
179,9,Breakdown,40
179,10,Setup,16
179,11,Setup,25
179,12,Setup,35
179,12,Material,22
179,14,Breakdown,61
179,15,Breakdown,55
179,15,Material,73
180,1,Material,41
180,1,Quality,23
180,2,Setup,54
180,3,Breakdown,26
180,5,Quality,39
180,5,Quality,56
180,6,Breakdown,69
180,6,Setup,65
180,7,Setup,81
180,7,Setup,36
180,8,Material,88
180,8,Setup,18
180,9,Breakdown,24
180,10,Breakdown,48
180,13,Plannedmaintenance,77
180,14,Setup,62
180,14,Breakdown,12
181,3,Plannedmaintenance,39
181,4,Breakdown,54
181,5,Material,29
181,5,Breakdown,35
181,8,Material,16
181,8,Material,23
181,9,Breakdown,62
181,10,Material,61
181,11,Breakdown,77
181,11,Plannedmaintenance,58
181,12,Breakdown,67
181,13,Plannedmaintenance,30
181,13,Breakdown,36
181,14,Breakdown,61
181,14,Material,50
182,1,Breakdown,50
182,2,Breakdown,74
182,3,Breakdown,28
182,3,Plannedmaintenance,38
182,6,Material,31
182,6,Breakdown,20
182,8,Breakdown,86
182,8,Breakdown,47
182,9,Breakdown,70
182,9,Setup,52
182,11,Plannedmaintenance,54
182,12,Quality,40
182,14,Setup,22
182,14,Setup,22
183,1,Setup,48
183,6,Material,17
183,8,Breakdown,38
183,8,Setup,46
183,9,Breakdown,81
183,9,Plannedmaintenance,62
183,10,Breakdown,87
183,10,Material,76
183,11,Material,67
183,12,Breakdown,80
183,12,Material,88
183,13,Breakdown,10
183,13,Material,15
183,15,Setup,57
184,1,Material,19
184,2,Material,46
184,2,Plannedmaintenance,32
184,4,Breakdown,37
184,4,Breakdown,50
184,5,Plannedmaintenance,41
184,7,Breakdown,22
184,8,Breakdown,57
184,8,Setup,83
184,11,Material,32
184,11,Breakdown,45
184,12,Material,54
184,12,Breakdown,53
184,13,Quality,86
184,14,Plannedmaintenance,66
184,15,Material,50
184,15,Quality,43
185,1,Setup,23
185,2,Setup,78
185,4,Quality,68
185,8,Plannedmaintenance,40
185,8,Setup,89
185,9,Setup,69
185,9,Breakdown,44
185,12,Quality,78
185,12,Setup,16
185,14,Plannedmaintenance,68
185,15,Setup,30
186,1,Quality,22
186,4,Setup,29
186,7,Breakdown,31
186,7,Material,59
186,8,Quality,75
186,11,Setup,16
186,12,Breakdown,18
186,13,Breakdown,77
186,14,Setup,57
187,1,Breakdown,83
187,1,Breakdown,31
187,3,Material,47
187,3,Setup,89
187,4,Quality,38
187,4,Breakdown,44
187,6,Setup,61
187,7,Quality,87
187,7,Setup,62
187,8,Setup,51
187,9,Breakdown,63
187,10,Setup,88
187,10,Quality,43
187,12,Setup,25
187,12,Breakdown,85
187,13,Plannedmaintenance,56
187,14,Setup,10
187,14,Plannedmaintenance,79
188,1,Material,75
188,3,Setup,43
188,3,Setup,46
188,6,Setup,74
188,6,Breakdown,13
188,8,Breakdown,20
188,9,Breakdown,37
188,9,Setup,85
188,10,Breakdown,71
188,10,Breakdown,57
188,11,Setup,55
188,11,Breakdown,34
188,13,Breakdown,37
188,13,Breakdown,29
188,14,Plannedmaintenance,24
189,1,Material,63
189,1,Material,53
189,4,Setup,53
189,4,Setup,87
189,8,Material,10
189,10,Material,48
189,10,Breakdown,22
189,13,Setup,66
189,13,Breakdown,48
189,15,Plannedmaintenance,87
189,15,Plannedmaintenance,62
190,1,Breakdown,29
190,4,Plannedmaintenance,64
190,4,Setup,86
190,5,Breakdown,10
190,5,Breakdown,62
190,6,Quality,28
190,6,Setup,87
190,11,Quality,42
190,11,Setup,84
190,12,Breakdown,74
190,13,Setup,49
190,14,Plannedmaintenance,42
190,15,Setup,43
190,15,Plannedmaintenance,37
191,1,Breakdown,10
191,2,Plannedmaintenance,74
191,2,Breakdown,64
191,5,Quality,10
191,7,Breakdown,34
191,7,Plannedmaintenance,35
191,8,Breakdown,61
191,10,Quality,32
191,11,Setup,21
191,11,Quality,13
191,12,Quality,19
191,12,Quality,51
191,13,Breakdown,46
191,13,Setup,74
191,14,Quality,80
191,14,Material,69
191,15,Quality,68
192,1,Setup,72
192,1,Setup,78
192,3,Breakdown,28
192,5,Quality,89
192,5,Material,86
192,7,Material,42
192,7,Breakdown,61
192,11,Material,41
192,13,Breakdown,21
192,15,Quality,74
193,1,Breakdown,32
193,2,Breakdown,50
193,4,Setup,87
193,4,Plannedmaintenance,29
193,5,Material,72
193,6,Breakdown,43
193,7,Setup,84
193,8,Breakdown,58
193,9,Breakdown,30
193,9,Breakdown,12
193,10,Breakdown,38
193,11,Breakdown,17
193,11,Breakdown,39
193,12,Quality,86
193,15,Breakdown,54
193,15,Breakdown,36
194,2,Breakdown,43
194,4,Setup,11
194,6,Breakdown,76
194,6,Setup,16
194,7,Breakdown,59
194,7,Material,28
194,8,Breakdown,18
194,8,Breakdown,77
194,9,Plannedmaintenance,70
194,9,Plannedmaintenance,62
194,11,Material,83
194,13,Breakdown,58
194,14,Material,20
194,14,Breakdown,36
194,15,Material,52
195,2,Quality,11
195,2,Setup,34
195,3,Breakdown,78
195,3,Setup,35
195,4,Setup,25
195,5,Quality,29
195,7,Plannedmaintenance,43
195,7,Plannedmaintenance,82
195,8,Material,52
195,11,Setup,34
195,12,Material,85
195,14,Setup,52
195,15,Breakdown,81
196,3,Breakdown,76
196,3,Breakdown,75
196,5,Setup,14
196,5,Quality,72
196,6,Setup,79
196,6,Setup,48
196,8,Breakdown,81
196,9,Material,71
196,11,Setup,77
196,12,Plannedmaintenance,79
196,13,Breakdown,39
196,13,Plannedmaintenance,31
196,15,Breakdown,72
197,1,Quality,11
197,1,Quality,88
197,3,Setup,19
197,4,Breakdown,39
197,7,Breakdown,38
197,11,Setup,85
197,11,Quality,36
198,2,Breakdown,10
198,2,Material,22
198,3,Breakdown,40
198,3,Breakdown,55
198,4,Breakdown,64
198,5,Material,34
198,9,Breakdown,67
198,9,Plannedmaintenance,28
198,11,Breakdown,58
198,12,Breakdown,24
198,12,Plannedmaintenance,67
198,14,Breakdown,15
198,14,Material,18
198,15,Quality,41
199,1,Setup,49
199,3,Quality,52
199,3,Breakdown,66
199,5,Setup,70
199,5,Breakdown,38
199,6,Breakdown,68
199,8,Quality,83
199,8,Setup,43
199,10,Breakdown,88
199,10,Setup,41
199,12,Quality,33
199,13,Breakdown,30
199,14,Breakdown,10
200,4,Breakdown,15
200,4,Breakdown,67
200,5,Material,76
200,6,Material,34
200,6,Breakdown,84
200,8,Quality,37
200,8,Plannedmaintenance,33
200,9,Plannedmaintenance,86
200,10,Setup,14
200,12,Quality,60
200,12,Setup,41
200,13,Breakdown,85
200,14,Material,33
200,15,Material,66
201,3,Breakdown,33
201,3,Plannedmaintenance,55
201,6,Material,34
201,7,Breakdown,22
201,8,Setup,86
201,9,Breakdown,40
201,11,Breakdown,84
201,11,Breakdown,67
201,12,Breakdown,25
201,12,Breakdown,27
201,13,Breakdown,37
201,13,Quality,32
201,14,Setup,49
201,14,Plannedmaintenance,63
202,2,Quality,38
202,4,Material,85
202,5,Breakdown,37
202,5,Quality,37
202,9,Breakdown,70
202,9,Breakdown,20
202,10,Quality,72
202,12,Breakdown,76
202,14,Setup,62
202,15,Quality,16
203,2,Setup,73
203,3,Material,76
203,4,Material,38
203,5,Plannedmaintenance,20
203,5,Breakdown,25
203,7,Quality,87
203,8,Breakdown,40
203,8,Plannedmaintenance,13
203,9,Plannedmaintenance,31
203,11,Material,55
203,12,Breakdown,19
203,12,Setup,86
203,14,Setup,48
203,14,Breakdown,41
204,1,Breakdown,76
204,2,Setup,12
204,2,Quality,83
204,3,Plannedmaintenance,34
204,3,Breakdown,82
204,4,Setup,59
204,5,Material,71
204,5,Plannedmaintenance,63
204,6,Setup,58
204,7,Setup,78
204,7,Setup,21
204,12,Material,24
204,12,Breakdown,69
204,13,Quality,23
204,14,Setup,80
204,14,Quality,67
204,15,Breakdown,19
205,1,Breakdown,41
205,2,Quality,51
205,2,Quality,27
205,4,Setup,54
205,5,Breakdown,28
205,5,Quality,40
205,6,Breakdown,13
205,6,Quality,31
205,8,Material,26
205,8,Breakdown,77
205,9,Plannedmaintenance,57
205,9,Quality,17
205,10,Material,16
205,11,Breakdown,26
205,14,Quality,26
205,14,Breakdown,30
206,3,Setup,53
206,3,Setup,63
206,4,Breakdown,79
206,5,Quality,69
206,7,Material,70
206,8,Material,10
206,8,Setup,71
206,9,Setup,20
206,9,Material,27
206,10,Material,23
206,11,Setup,36
206,12,Breakdown,19
206,12,Breakdown,48
206,13,Breakdown,66
206,14,Setup,56
206,15,Quality,86
206,15,Breakdown,17
207,1,Plannedmaintenance,61
207,3,Plannedmaintenance,84
207,4,Material,73
207,4,Setup,35
207,6,Material,34
207,6,Setup,57
207,9,Plannedmaintenance,86
207,10,Plannedmaintenance,20
207,11,Breakdown,84
207,12,Breakdown,86
207,13,Material,82
207,15,Breakdown,81
208,1,Material,20
208,2,Quality,41
208,2,Setup,25
208,3,Quality,22
208,3,Breakdown,44
208,4,Breakdown,66
208,5,Material,72
208,5,Plannedmaintenance,84
208,6,Material,76
208,8,Setup,16
208,8,Breakdown,45
208,9,Quality,46
208,10,Plannedmaintenance,26
208,10,Material,52
208,11,Quality,15
208,11,Material,59
208,12,Plannedmaintenance,25
208,14,Setup,77
208,14,Breakdown,18
208,15,Quality,50
209,1,Breakdown,64
209,1,Plannedmaintenance,68
209,2,Breakdown,13
209,3,Plannedmaintenance,73
209,3,Breakdown,40
209,6,Breakdown,14
209,7,Breakdown,53
209,7,Setup,41
209,10,Setup,68
209,10,Quality,55
209,12,Breakdown,88
209,13,Material,44
209,13,Quality,41
209,15,Breakdown,81
209,15,Setup,61
210,1,Breakdown,51
210,1,Breakdown,57
210,2,Setup,35
210,3,Quality,52
210,3,Quality,14
210,4,Breakdown,23
210,4,Material,15
210,6,Setup,80
210,6,Setup,42
210,8,Setup,44
210,9,Material,13
210,9,Quality,73
210,10,Breakdown,11
210,10,Plannedmaintenance,28
210,11,Material,80
210,11,Quality,69
210,12,Setup,46
210,12,Setup,22
210,13,Breakdown,54
210,13,Plannedmaintenance,25
210,15,Material,37
211,1,Setup,68
211,2,Material,57
211,3,Setup,88
211,5,Setup,87
211,6,Quality,24
211,6,Material,74
211,7,Quality,24
211,7,Setup,38
211,10,Plannedmaintenance,68
211,11,Quality,79
211,11,Breakdown,14
211,12,Quality,85
211,14,Breakdown,16
211,14,Breakdown,64
212,1,Breakdown,48
212,2,Setup,30
212,2,Breakdown,76
212,4,Setup,15
212,4,Material,17
212,5,Setup,75
212,6,Material,40
212,6,Setup,86
212,8,Breakdown,70
212,10,Plannedmaintenance,23
212,10,Quality,23
212,11,Quality,85
212,14,Plannedmaintenance,76
213,1,Quality,51
213,1,Material,44
213,6,Quality,67
213,6,Breakdown,76
213,7,Breakdown,77
213,9,Material,20
213,10,Setup,33
213,11,Quality,68
213,12,Quality,49
213,12,Setup,54
213,13,Setup,63
213,14,Material,48
213,15,Material,75
213,15,Breakdown,49
214,1,Setup,72
214,1,Quality,19
214,4,Setup,28
214,4,Material,37
214,6,Plannedmaintenance,36
214,6,Plannedmaintenance,60
214,8,Quality,13
214,8,Setup,68
214,9,Breakdown,29
214,10,Quality,88
214,10,Material,58
214,12,Breakdown,64
214,13,Plannedmaintenance,50
214,14,Breakdown,41
215,1,Material,36
215,1,Setup,12
215,2,Setup,47
215,2,Material,14
215,4,Material,56
215,4,Setup,14
215,5,Setup,70
215,5,Breakdown,42
215,6,Quality,19
215,7,Setup,28
215,8,Quality,57
215,8,Setup,65
215,9,Quality,39
215,9,Setup,48
215,12,Material,38
215,13,Breakdown,46
215,14,Breakdown,73
215,15,Setup,50
216,1,Setup,72
216,1,Plannedmaintenance,47
216,2,Quality,77
216,2,Breakdown,18
216,3,Breakdown,52
216,4,Breakdown,43
216,4,Plannedmaintenance,10
216,5,Quality,74
216,9,Quality,53
216,9,Setup,74
216,10,Breakdown,43
216,11,Plannedmaintenance,47
216,13,Material,86
216,13,Setup,51
217,1,Setup,62
217,1,Quality,56
217,2,Breakdown,39
217,2,Material,19
217,3,Breakdown,61
217,4,Setup,60
217,5,Breakdown,89
217,6,Breakdown,48
217,7,Material,53
217,8,Setup,26
217,8,Breakdown,14
217,10,Setup,16
217,10,Material,30
217,12,Breakdown,25
217,12,Plannedmaintenance,26
217,14,Quality,74
217,15,Breakdown,26
218,1,Setup,52
218,1,Material,14
218,2,Setup,88
218,3,Plannedmaintenance,52
218,4,Plannedmaintenance,26
218,6,Material,46
218,6,Breakdown,73
218,7,Quality,55
218,7,Material,32
218,9,Breakdown,67
218,10,Setup,27
218,11,Plannedmaintenance,34
218,11,Setup,30
218,14,Breakdown,29
218,14,Breakdown,70
218,15,Material,87
218,15,Breakdown,39
219,1,Setup,67
219,1,Setup,74
219,4,Material,78
219,4,Setup,25
219,5,Plannedmaintenance,45
219,7,Quality,47
219,8,Setup,40
219,9,Setup,87
219,10,Material,22
219,11,Quality,69
219,12,Breakdown,36
219,13,Breakdown,33
220,5,Breakdown,89
220,6,Breakdown,22
220,7,Quality,41
220,7,Setup,72
220,10,Quality,26
220,11,Breakdown,30
220,11,Material,73
220,12,Breakdown,57
220,14,Breakdown,83
220,14,Breakdown,42
221,2,Breakdown,34
221,2,Setup,69
221,4,Material,74
221,6,Breakdown,20
221,6,Quality,18
221,7,Setup,78
221,9,Breakdown,38
221,10,Breakdown,61
221,11,Setup,89
221,12,Material,63
221,13,Breakdown,36
221,15,Quality,81
222,2,Quality,32
222,6,Material,36
222,6,Material,32
222,7,Material,48
222,8,Quality,16
222,8,Breakdown,73
222,9,Breakdown,64
222,9,Setup,60
222,10,Quality,44
222,10,Quality,42
222,12,Setup,41
222,12,Material,51
222,14,Breakdown,60
222,14,Breakdown,27
222,15,Setup,55
223,1,Breakdown,77
223,3,Setup,66
223,4,Material,23
223,4,Material,89
223,5,Breakdown,20
223,9,Plannedmaintenance,72
223,9,Breakdown,72
223,10,Quality,33
223,11,Plannedmaintenance,33
223,12,Setup,30
223,12,Breakdown,20
223,13,Breakdown,49
223,13,Breakdown,50
223,14,Material,46
223,15,Material,13
223,15,Setup,61
224,1,Breakdown,50
224,1,Setup,79
224,3,Setup,23
224,4,Breakdown,60
224,4,Breakdown,74
224,5,Material,46
224,5,Breakdown,67
224,6,Plannedmaintenance,19
224,6,Quality,68
224,7,Setup,87
224,8,Quality,71
224,9,Plannedmaintenance,59
224,11,Quality,72
224,11,Plannedmaintenance,88
224,13,Setup,74
224,13,Plannedmaintenance,32
224,14,Setup,84
224,14,Breakdown,77
224,15,Breakdown,39
225,1,Quality,46
225,2,Material,60
225,2,Material,34
225,3,Quality,13
225,4,Breakdown,61
225,5,Plannedmaintenance,81
225,5,Setup,73
225,7,Plannedmaintenance,70
225,8,Setup,11
225,8,Material,26
225,10,Breakdown,70
225,10,Breakdown,38
225,13,Breakdown,54
225,13,Plannedmaintenance,36
225,14,Setup,49
225,14,Material,20
225,15,Breakdown,43
225,15,Breakdown,56
226,1,Breakdown,36
226,3,Breakdown,31
226,3,Quality,67
226,5,Breakdown,10
226,5,Plannedmaintenance,75
226,6,Plannedmaintenance,87
226,6,Quality,27
226,7,Setup,86
226,8,Material,80
226,8,Material,41
226,9,Quality,68
226,9,Quality,78
226,10,Setup,13
226,14,Breakdown,60
227,1,Breakdown,10
227,1,Breakdown,10
227,2,Breakdown,33
227,2,Breakdown,17
227,3,Setup,41
227,3,Breakdown,32
227,4,Plannedmaintenance,16
227,4,Breakdown,18
227,5,Material,78
227,5,Setup,68
227,9,Setup,68
227,9,Setup,64
227,10,Material,18
227,10,Material,74
227,11,Material,31
227,12,Setup,11
227,13,Setup,82
227,15,Breakdown,15
227,15,Breakdown,18
228,1,Breakdown,28
228,1,Breakdown,27
228,2,Breakdown,64
228,2,Quality,17
228,3,Plannedmaintenance,29
228,4,Quality,67
228,5,Breakdown,48
228,5,Breakdown,75
228,6,Setup,20
228,6,Setup,11
228,7,Breakdown,41
228,7,Setup,37
228,8,Breakdown,70
228,9,Setup,49
228,9,Setup,20
228,11,Breakdown,73
228,12,Setup,50
228,12,Setup,41
228,13,Setup,23
228,13,Breakdown,51
228,15,Material,72
228,15,Setup,37
229,1,Breakdown,58
229,2,Breakdown,18
229,2,Quality,62
229,4,Quality,39
229,4,Breakdown,38
229,5,Quality,65
229,9,Breakdown,66
229,9,Plannedmaintenance,79
229,10,Breakdown,42
229,11,Breakdown,22
229,12,Setup,26
229,12,Breakdown,51
229,13,Quality,18
229,15,Quality,18
230,1,Setup,73
230,2,Plannedmaintenance,88
230,3,Quality,62
230,3,Setup,59
230,6,Setup,49
230,6,Quality,29
230,7,Breakdown,34
230,8,Plannedmaintenance,10
230,9,Setup,48
230,9,Breakdown,89
230,11,Quality,69
230,11,Breakdown,40
230,12,Breakdown,14
230,14,Breakdown,50
230,14,Breakdown,23
230,15,Setup,55
230,15,Breakdown,62
231,2,Material,51
231,4,Breakdown,21
231,7,Quality,51
231,7,Quality,55
231,8,Breakdown,15
231,8,Plannedmaintenance,79
231,10,Breakdown,20
231,11,Breakdown,19
231,11,Breakdown,65
231,12,Material,59
231,13,Setup,21
231,14,Quality,42
232,1,Plannedmaintenance,65
232,1,Breakdown,83
232,2,Plannedmaintenance,85
232,3,Breakdown,47
232,4,Material,36
232,4,Breakdown,22
232,5,Quality,87
232,7,Material,22
232,9,Quality,16
232,9,Breakdown,51
232,10,Breakdown,81
232,11,Setup,12
232,11,Quality,54
232,12,Quality,61
232,12,Breakdown,56
232,14,Setup,75
232,14,Breakdown,78
232,15,Plannedmaintenance,15
233,3,Quality,56
233,5,Breakdown,17
233,7,Setup,25
233,7,Setup,14
233,10,Material,24
233,11,Breakdown,55
233,12,Quality,26
233,13,Breakdown,45
233,13,Plannedmaintenance,48
233,15,Breakdown,89
234,3,Setup,62
234,4,Setup,68
234,5,Breakdown,63
234,7,Setup,63
234,8,Setup,37
234,9,Plannedmaintenance,36
234,10,Quality,74
234,12,Quality,85
234,15,Setup,12
234,15,Plannedmaintenance,49
235,1,Setup,72
235,2,Quality,22
235,3,Plannedmaintenance,30
235,3,Breakdown,48
235,4,Setup,85
235,4,Setup,70
235,5,Plannedmaintenance,29
235,5,Plannedmaintenance,69
235,6,Breakdown,29
235,6,Plannedmaintenance,41
235,8,Breakdown,47
235,8,Quality,68
235,11,Plannedmaintenance,54
235,11,Breakdown,76
235,12,Quality,13
235,12,Breakdown,53
235,14,Plannedmaintenance,57
235,14,Material,35
235,15,Quality,60
236,2,Breakdown,40
236,4,Breakdown,21
236,5,Breakdown,44
236,7,Setup,28
236,7,Setup,68
236,8,Setup,25
236,8,Breakdown,24
236,11,Setup,40
236,11,Setup,24
236,12,Setup,32
236,12,Setup,81
236,14,Setup,50
236,14,Breakdown,32
237,1,Breakdown,70
237,1,Material,52
237,2,Plannedmaintenance,51
237,2,Breakdown,50
237,3,Setup,39
237,3,Breakdown,36
237,4,Quality,81
237,4,Setup,44
237,5,Plannedmaintenance,57
237,5,Breakdown,87
237,6,Plannedmaintenance,69
237,6,Breakdown,51
237,8,Quality,51
237,8,Setup,42
237,9,Breakdown,16
237,10,Quality,62
237,10,Material,69
237,11,Breakdown,59
237,12,Setup,45
237,13,Setup,65
238,1,Setup,72
238,1,Setup,88
238,3,Setup,24
238,3,Setup,47
238,6,Quality,36
238,7,Breakdown,79
238,7,Quality,82
238,8,Breakdown,41
238,9,Setup,24
238,10,Material,69
238,10,Setup,36
238,11,Breakdown,38
238,11,Material,87
238,13,Material,12
239,3,Setup,75
239,3,Plannedmaintenance,55
239,4,Material,81
239,5,Setup,72
239,5,Breakdown,26
239,6,Breakdown,11
239,7,Setup,55
239,7,Quality,55
239,8,Setup,46
239,11,Quality,42
239,12,Breakdown,25
239,13,Material,25
239,13,Breakdown,28
239,14,Setup,13
239,14,Plannedmaintenance,81
239,15,Breakdown,72
240,3,Breakdown,56
240,3,Material,72
240,5,Breakdown,24
240,5,Breakdown,58
240,7,Material,79
240,7,Breakdown,50
240,8,Plannedmaintenance,57
240,9,Breakdown,89
240,13,Setup,55
240,13,Breakdown,89
240,14,Quality,78
240,14,Quality,69
240,15,Material,69
240,15,Material,49
241,2,Breakdown,33
241,2,Material,67
241,3,Breakdown,88
241,3,Breakdown,54
241,4,Breakdown,82
241,4,Breakdown,88
241,5,Setup,63
241,6,Setup,47
241,6,Plannedmaintenance,32
241,7,Breakdown,27
241,8,Breakdown,65
241,8,Plannedmaintenance,26
241,10,Quality,56
241,10,Breakdown,48
241,11,Quality,46
241,11,Breakdown,54
241,14,Breakdown,84
242,1,Setup,23
242,2,Quality,26
242,2,Breakdown,38
242,3,Breakdown,48
242,3,Breakdown,41
242,4,Quality,38
242,7,Setup,61
242,8,Setup,51
242,8,Plannedmaintenance,41
242,10,Setup,59
242,12,Material,39
242,14,Breakdown,34
242,14,Breakdown,61
242,15,Quality,38
242,15,Quality,35
243,1,Breakdown,51
243,1,Breakdown,26
243,2,Breakdown,15
243,2,Quality,50
243,3,Breakdown,60
243,3,Material,72
243,4,Breakdown,45
243,5,Quality,74
243,5,Quality,87
243,6,Setup,58
243,7,Material,55
243,7,Material,40
243,8,Quality,38
243,8,Material,64
243,12,Quality,40
243,13,Material,21
243,14,Setup,46
243,15,Plannedmaintenance,48
244,1,Setup,39
244,1,Material,85
244,3,Breakdown,68
244,3,Breakdown,11
244,4,Breakdown,29
244,4,Quality,40
244,5,Plannedmaintenance,74
244,6,Breakdown,65
244,7,Setup,48
244,8,Setup,10
244,8,Breakdown,32
244,10,Setup,41
244,12,Breakdown,49
244,14,Breakdown,57
244,14,Setup,80
245,1,Plannedmaintenance,60
245,3,Quality,30
245,3,Material,40
245,4,Quality,69
245,5,Quality,84
245,6,Quality,19
245,7,Quality,42
245,10,Breakdown,71
245,11,Plannedmaintenance,66
245,12,Breakdown,73
245,12,Breakdown,61
245,14,Plannedmaintenance,75
245,14,Breakdown,46
246,3,Plannedmaintenance,25
246,3,Breakdown,39
246,5,Breakdown,80
246,6,Quality,39
246,6,Breakdown,24
246,8,Quality,34
246,8,Breakdown,54
246,10,Setup,23
246,11,Setup,52
246,13,Breakdown,86
246,13,Setup,55
246,14,Breakdown,81
246,14,Setup,78
247,3,Setup,83
247,3,Breakdown,32
247,4,Setup,44
247,5,Plannedmaintenance,89
247,5,Setup,19
247,6,Breakdown,68
247,6,Setup,77
247,7,Breakdown,17
247,8,Breakdown,58
247,8,Breakdown,36
247,10,Plannedmaintenance,11
247,13,Setup,42
247,14,Material,49
247,14,Setup,21
247,15,Breakdown,24
247,15,Material,28
248,2,Breakdown,69
248,2,Plannedmaintenance,79
248,3,Breakdown,23
248,4,Breakdown,32
248,4,Plannedmaintenance,34
248,5,Breakdown,12
248,5,Breakdown,38
248,6,Setup,75
248,6,Material,37
248,7,Setup,66
248,8,Material,21
248,9,Plannedmaintenance,61
248,10,Setup,75
248,11,Material,67
248,11,Plannedmaintenance,63
248,12,Material,75
248,12,Setup,83
248,14,Breakdown,48
249,2,Breakdown,57
249,2,Breakdown,54
249,4,Setup,64
249,4,Setup,22
249,5,Material,22
249,5,Setup,83
249,7,Setup,37
249,8,Breakdown,15
249,8,Plannedmaintenance,41
249,9,Breakdown,11
249,9,Breakdown,61
249,10,Setup,25
249,11,Breakdown,42
249,11,Plannedmaintenance,32
249,12,Material,33
249,12,Material,54
249,13,Plannedmaintenance,30
249,13,Breakdown,60
249,14,Setup,14
249,14,Breakdown,12
249,15,Material,49
250,3,Quality,16
250,4,Setup,70
250,4,Breakdown,51
250,5,Setup,21
250,5,Material,12
250,8,Setup,61
250,8,Plannedmaintenance,36
250,9,Breakdown,53
250,9,Breakdown,71
250,11,Quality,43
250,11,Setup,32
250,12,Quality,23
250,12,Material,62
250,15,Breakdown,50
251,1,Breakdown,72
251,1,Quality,71
251,2,Material,56
251,2,Breakdown,76
251,4,Setup,67
251,5,Setup,72
251,6,Breakdown,82
251,6,Setup,48
251,7,Breakdown,74
251,9,Setup,54
251,10,Quality,62
251,10,Breakdown,34
251,12,Breakdown,66
251,13,Setup,69
251,13,Plannedmaintenance,80
251,14,Quality,66
251,14,Breakdown,22
251,15,Breakdown,60
252,3,Breakdown,28
252,4,Breakdown,62
252,5,Setup,50
252,6,Breakdown,76
252,7,Breakdown,13
252,10,Setup,46
252,11,Setup,44
252,12,Setup,17
253,2,Material,83
253,2,Breakdown,57
253,3,Setup,52
253,4,Setup,37
253,4,Quality,72
253,5,Setup,35
253,5,Breakdown,79
253,6,Setup,65
253,6,Breakdown,26
253,7,Setup,52
253,7,Quality,89
253,9,Breakdown,41
253,12,Material,72
253,12,Material,54
254,1,Material,53
254,1,Quality,75
254,2,Setup,29
254,4,Breakdown,67
254,4,Material,72
254,5,Plannedmaintenance,15
254,5,Breakdown,48
254,6,Material,80
254,7,Material,63
254,7,Setup,22
254,8,Breakdown,57
254,8,Quality,19
254,9,Breakdown,36
254,10,Setup,20
254,10,Setup,83
254,12,Plannedmaintenance,51
254,12,Quality,61
254,13,Breakdown,24
255,1,Plannedmaintenance,86
255,4,Breakdown,45
255,4,Breakdown,89
255,5,Breakdown,37
255,6,Plannedmaintenance,18
255,6,Breakdown,26
255,7,Breakdown,65
255,8,Breakdown,68
255,8,Setup,23
255,9,Breakdown,25
255,9,Plannedmaintenance,85
255,12,Breakdown,52
255,13,Quality,18
255,15,Breakdown,51
255,15,Breakdown,65
256,2,Breakdown,35
256,4,Material,77
256,4,Material,39
256,6,Quality,47
256,6,Breakdown,13
256,7,Plannedmaintenance,53
256,8,Setup,62
256,8,Setup,66
256,9,Quality,63
256,9,Breakdown,78
256,11,Plannedmaintenance,67
256,12,Material,78
256,12,Plannedmaintenance,80
256,14,Breakdown,49
257,1,Material,31
257,2,Setup,79
257,4,Material,46
257,4,Quality,82
257,7,Material,45
257,8,Plannedmaintenance,44
257,8,Plannedmaintenance,26
257,9,Material,23
257,10,Breakdown,52
257,12,Breakdown,52
257,13,Plannedmaintenance,65
257,14,Breakdown,39
257,14,Material,38
257,15,Breakdown,35
257,15,Setup,62
258,1,Setup,40
258,1,Breakdown,74
258,4,Breakdown,53
258,4,Breakdown,52
258,5,Breakdown,50
258,6,Plannedmaintenance,59
258,6,Material,83
258,9,Breakdown,58
258,10,Quality,68
258,10,Breakdown,75
258,12,Breakdown,26
258,13,Quality,74
258,13,Breakdown,74
258,15,Breakdown,65
258,15,Quality,59
259,1,Setup,70
259,2,Setup,23
259,2,Breakdown,67
259,3,Setup,32
259,3,Setup,81
259,5,Breakdown,84
259,7,Breakdown,18
259,7,Plannedmaintenance,27
259,8,Breakdown,30
259,8,Setup,18
259,9,Breakdown,16
259,10,Material,19
259,10,Setup,50
259,11,Breakdown,85
259,12,Quality,75
259,12,Quality,88
259,13,Quality,83
259,13,Setup,71
259,15,Setup,28
259,15,Setup,21
260,1,Plannedmaintenance,47
260,2,Plannedmaintenance,19
260,2,Breakdown,58
260,5,Breakdown,79
260,6,Breakdown,89
260,6,Breakdown,29
260,7,Setup,30
260,10,Setup,13
260,11,Breakdown,17
260,11,Quality,30
260,13,Plannedmaintenance,67
260,15,Plannedmaintenance,72
260,15,Material,66
261,1,Setup,80
261,1,Breakdown,47
261,2,Material,79
261,2,Quality,34
261,3,Plannedmaintenance,68
261,3,Material,33
261,4,Setup,32
261,8,Setup,32
261,8,Breakdown,69
261,9,Setup,36
261,9,Material,50
261,10,Breakdown,66
261,10,Plannedmaintenance,59
261,12,Setup,81
261,12,Breakdown,54
261,13,Quality,13
261,14,Breakdown,69
261,15,Setup,19
261,15,Breakdown,44
262,1,Setup,75
262,3,Setup,14
262,5,Setup,61
262,6,Breakdown,59
262,6,Material,56
262,8,Breakdown,51
262,8,Material,67
262,9,Breakdown,63
262,9,Breakdown,11
262,11,Breakdown,37
262,13,Material,21
262,13,Quality,43
262,14,Quality,15
262,15,Material,62
263,4,Breakdown,50
263,4,Breakdown,49
263,9,Setup,31
263,9,Breakdown,63
263,10,Setup,35
263,10,Setup,69
263,11,Plannedmaintenance,53
263,11,Breakdown,50
263,13,Material,60
263,13,Quality,47
263,14,Breakdown,31
263,14,Setup,50
263,15,Material,57
264,1,Breakdown,26
264,2,Quality,72
264,2,Material,83
264,3,Plannedmaintenance,46
264,5,Breakdown,11
264,7,Breakdown,39
264,9,Breakdown,32
264,9,Plannedmaintenance,22
264,11,Material,70
264,11,Setup,10
264,14,Breakdown,11
264,14,Material,22
264,15,Breakdown,46
264,15,Breakdown,64
265,1,Setup,13
265,1,Plannedmaintenance,54
265,4,Material,73
265,5,Breakdown,72
265,5,Breakdown,48
265,6,Breakdown,73
265,7,Setup,17
265,7,Quality,16
265,8,Material,88
265,9,Material,40
265,10,Plannedmaintenance,11
265,10,Plannedmaintenance,11
265,11,Material,68
265,11,Quality,39
265,12,Setup,47
265,13,Material,61
265,14,Setup,82
265,15,Plannedmaintenance,49
266,1,Material,30
266,1,Breakdown,82
266,5,Setup,75
266,7,Setup,81
266,8,Breakdown,19
266,8,Breakdown,77
266,11,Setup,39
266,11,Plannedmaintenance,15
266,14,Breakdown,80
266,15,Setup,72
266,15,Breakdown,81
267,1,Setup,88
267,1,Breakdown,70
267,2,Breakdown,47
267,2,Material,59
267,3,Quality,15
267,3,Breakdown,31
267,4,Breakdown,79
267,6,Breakdown,21
267,8,Quality,27
267,8,Breakdown,58
267,9,Material,64
267,9,Setup,74
267,11,Breakdown,24
267,11,Setup,14
267,13,Breakdown,89
267,15,Plannedmaintenance,65
268,2,Quality,54
268,3,Breakdown,66
268,3,Plannedmaintenance,78
268,4,Quality,17
268,5,Breakdown,52
268,7,Material,43
268,7,Quality,30
268,8,Plannedmaintenance,77
268,8,Material,70
268,9,Breakdown,40
268,10,Breakdown,47
268,10,Breakdown,68
268,11,Material,37
268,11,Quality,74
268,12,Quality,38
268,12,Breakdown,27
268,13,Plannedmaintenance,88
268,13,Breakdown,35
268,14,Setup,52
268,15,Breakdown,47
269,1,Breakdown,29
269,1,Breakdown,59
269,2,Quality,26
269,2,Material,38
269,3,Breakdown,51
269,4,Breakdown,79
269,4,Material,79
269,5,Breakdown,62
269,5,Setup,51
269,7,Setup,22
269,11,Breakdown,12
269,12,Breakdown,57
269,13,Material,23
269,13,Breakdown,72
269,14,Breakdown,71
269,14,Setup,82
269,15,Breakdown,39
269,15,Quality,67
270,1,Setup,85
270,1,Breakdown,80
270,3,Breakdown,31
270,3,Breakdown,82
270,4,Setup,34
270,5,Quality,52
270,5,Breakdown,11
270,6,Setup,86
270,6,Breakdown,24
270,7,Setup,41
270,7,Setup,89
270,8,Quality,28
270,8,Breakdown,85
270,9,Setup,75
270,9,Breakdown,30
270,11,Setup,61
270,11,Plannedmaintenance,67
270,12,Breakdown,57
270,13,Breakdown,69
270,13,Quality,54
270,15,Quality,84
270,15,Material,18
271,3,Breakdown,65
271,4,Plannedmaintenance,22
271,4,Breakdown,46
271,5,Setup,33
271,6,Setup,42
271,7,Material,62
271,7,Breakdown,79
271,12,Plannedmaintenance,49
271,12,Breakdown,32
271,13,Quality,26
271,14,Material,28
272,1,Material,20
272,3,Material,22
272,4,Setup,31
272,5,Plannedmaintenance,13
272,5,Breakdown,18
272,6,Plannedmaintenance,63
272,8,Material,50
272,8,Setup,10
272,9,Breakdown,58
272,9,Breakdown,49
272,10,Setup,64
272,10,Material,73
272,11,Breakdown,48
272,11,Breakdown,34
272,13,Breakdown,48
272,14,Breakdown,19
272,14,Setup,60
273,1,Breakdown,70
273,2,Quality,74
273,3,Quality,66
273,4,Plannedmaintenance,56
273,5,Quality,71
273,6,Breakdown,28
273,6,Breakdown,78
273,8,Quality,74
273,8,Material,10
273,9,Quality,13
273,9,Breakdown,62
273,10,Breakdown,56
273,12,Setup,42
273,13,Setup,11
273,14,Breakdown,56
273,14,Setup,56
273,15,Setup,63
